{"metadata":{"usedHelpers":[],"marked":[],"modules":{"imports":[{"source":"meteor/meteor","imported":["Meteor"],"specifiers":[{"kind":"named","imported":"Meteor","local":"Meteor"}]},{"source":"/imports/api/pitches.js","imported":[],"specifiers":[]},{"source":"/imports/api/pitches.js","imported":["Pitches"],"specifiers":[{"kind":"named","imported":"Pitches","local":"Pitches"}]},{"source":"/imports/api/pitches.js","imported":["Users"],"specifiers":[{"kind":"named","imported":"Users","local":"Users"}]}],"exports":{"exported":[],"specifiers":[]}}},"options":{"filename":"/server/main.js","filenameRelative":"/server/main.js","env":{"development":{"plugins":[]}},"retainLines":false,"highlightCode":true,"suppressDeprecationMessages":false,"presets":[],"plugins":[[[],{"polyfill":false}],[[],null],[[],null],[[],null],[[],null],[[],null],[[],null],[[],null],[[],null],[[],null],[[],null],[[],null],[[],null],[[],null],[[],null],[[],null],[[],{"loose":true}],[[],{"loose":true}],[[],null],[[],{"loose":true}],[[],null],[[],null],[[],null],[[],null],[[],null],[[],null],[[],null],[[],{"loose":true}],[[],null],[[],null],[[],null],[[],null],[[],null],[[],null],[[],null],[[],null]],"ignore":[],"code":true,"metadata":true,"ast":false,"comments":true,"compact":false,"minified":false,"sourceMap":true,"sourceMaps":true,"sourceMapTarget":"/server/main.js.map","sourceFileName":"/server/main.js","babelrc":false,"sourceType":"module","moduleIds":false,"passPerPreset":false,"parserOpts":false,"generatorOpts":false,"basename":"main"},"ignored":false,"code":"var Meteor;module.import('meteor/meteor',{\"Meteor\":function(v){Meteor=v}});module.import('/imports/api/pitches.js');var Pitches;module.import('/imports/api/pitches.js',{\"Pitches\":function(v){Pitches=v}});var Users;module.import('/imports/api/pitches.js',{\"Users\":function(v){Users=v}});\n\n// import database from mongo\n\n\n\n\nfunction createData_Pitches() {\n                //Creating Pitches for Central region\n                Pitches.insert({ //_id:\"1\",\n                                name: \"Bishan Stadium Soccer Pitch\",\n                                description: \"Located in the Central, Bishan Stadium is a mere 10 mins walk away from Bishan MRT, which has both Circle Line as well as North-South Line. Despite the easy accessibility to Bishan Stadium, the field is in poor condition. The green of the grass has faded, leaving empty patches around the field. The field is sandy and there are presence of potholes. Due to the uneven ground, some parts of the fields are hard while others are soft. Hopefully, there would be some maintenance of the field soon.\",\n                                pitchTypes: [\"5v5\", \"7v7\"],\n                                facilities: [\"shower\", \"parking\"],\n                                region: \"Central\",\n                                owner: \"footysgadmin\" });\n                Pitches.insert({ //_id:\"2\",\n                                name: \"First Toa Pa Yoh Secondary School Soccer Pitch\",\n                                description: \"First Toa Pa Yoh Secondary School Soccer Field is of appropriate size and boasts artificial turf. On top of these, it is very well maintained and in good condition. There are also many parking lots available nearby at the various HDB. Located close to the popular Toa Pa Yoh HDB Hub, it is indeed a good place for some football.\",\n                                pitchTypes: [\"7v7\"],\n                                facilities: [\"shower\"],\n                                region: \"Central\",\n                                owner: \"footysgadmin\" });\n                Pitches.insert({ //_id:\"3\",\n                                name: \"Toa Pa Yoh Stadium\",\n                                description: \"NA\",\n                                pitchTypes: [\"5v5\"],\n                                facilities: [\"parking\"],\n                                region: \"Central\",\n                                owner: \"footysgadmin\" });\n                Pitches.insert({ //_id:\"4\",\n                                name: \"Braddell Pitch 1 & 2\",\n                                description: \"While Braddell Pitch 1 & 2 may be convenient – 5 minutes walk away from Braddell MRT Station – there are few or no nearby facilities and amenities, with the closest ones being one MRT Station away. Also, while it is only a 5 minutes walk away from Braddel MRT Station, the Braddell Pitch 1 & 2 may be a bit tough to find.On the good side, Braddell Pitch 1 & 2 are of the appropriate sizes for 11-a-side football and the field is pretty well maintained with minimal brown patches. Goal posts are also available.\",\n                                pitchTypes: [\"5v5\", \"6v6\"],\n                                facilities: [\"shower\", \"parking\"],\n                                region: \"Central\",\n                                owner: \"footysgadmin\" });\n\n                //Creating Pitches for North region\n                Pitches.insert({ //_id:\"5\",\n                                name: \"Hiding Place Pitch 1 & 2\",\n                                description: \"Terror Club\",\n                                pitchTypes: [\"7v7\"],\n                                facilities: [\"shower\", \"parking\"],\n                                region: \"North\",\n                                owner: \"footysgadmin\" });\n                Pitches.insert({ //_id:\"6\",\n                                name: \"Woodlands Stadium\",\n                                description: \"NA\",\n                                pitchTypes: [\"5v5\", \"6v6\"],\n                                facilities: [\"shower\", \"parking\"],\n                                region: \"North\",\n                                owner: \"footysgadmin\" });\n\n                //Creating Pitches for East region\n                Pitches.insert({ //_id:\"7\",\n                                name: \"Sports Planet ECP\",\n                                description: \"NA\",\n                                pitchTypes: [\"5v5\", \"6v6\", \"7v7\"],\n                                facilities: [\"shower\", \"parking\"],\n                                region: \"East\",\n                                owner: \"footysgadmin\" });\n                Pitches.insert({ //_id:\"8\",\n                                name: \"Safra Tampines\",\n                                description: \"NA\",\n                                pitchTypes: [\"6v6\", \"7v7\"],\n                                facilities: [\"shower\", \"parking\"],\n                                region: \"East\",\n                                owner: \"footysgadmin\" });\n\n                //Creating Pitches for West region\n                Pitches.insert({ //_id:\"9\",\n                                name: \"Yusof Ishak Secondary School Soccer Pitch\",\n                                description: \"NA\",\n                                pitchTypes: [\"5v5\", \"7v7\"],\n                                facilities: [\"parking\"],\n                                region: \"West\",\n                                owner: \"footysgadmin\" });\n                Pitches.insert({ //_id:\"10\",\n                                name: \"Tanglin Trust School Soccer Pitch\",\n                                description: \"NA\",\n                                pitchTypes: [\"5v5\", \"6v6\", \"7v7\"],\n                                facilities: [\"shower\"],\n                                region: \"West\",\n                                owner: \"footysgadmin\" });\n}\nfunction createData_Users() {\n                Users.insert({ _id: \"1\",\n                                firstName: \"Mellavin\",\n                                lastName: \"Mar\",\n                                password: \"P@ssw0rd\",\n                                isOwner: \"1\",\n                                pitches: \"\",\n                                contact: \"90123456\",\n                                isBlocked: false\n                });\n                Users.insert({ _id: \"2\",\n                                firstName: \"Yue Hao\",\n                                lastName: \"Pan\",\n                                password: \"P@ssw0rd\",\n                                isOwner: \"1\",\n                                pitches: \"\",\n                                contact: \"93123456\",\n                                isBlocked: false\n                });\n                Users.insert({ _id: \"3\",\n                                firstName: \"Ganesh\",\n                                lastName: \"Kumar\",\n                                password: \"P@ssw0rd\",\n                                isOwner: \"1\",\n                                pitches: \"\",\n                                contact: \"93123356\",\n                                isBlocked: false\n                });\n}\n\nMeteor.startup(function () {\n                // code to run on server at startup\n                var totalNumberOfRec_Pitches = Pitches.find().count();\n                var totalNumberOfRec_Users = Users.find().count();\n\n                if (totalNumberOfRec_Pitches < 1) {\n                                createData_Pitches();\n                }\n                if (totalNumberOfRec_Users < 1) {\n                                createData_Users();\n                }\n});","ast":null,"map":{"version":3,"sources":["/server/main.js"],"names":["Meteor","Pitches","Users","createData_Pitches","insert","name","description","pitchTypes","facilities","region","owner","createData_Users","_id","firstName","lastName","password","isOwner","pitches","contact","isBlocked","startup","totalNumberOfRec_Pitches","find","count","totalNumberOfRec_Users"],"mappings":"AAAA,SAASA,MAAT,QAAuB,eAAvB;;AAEA;AACA,OAAO,yBAAP;AACA,SAASC,OAAT,QAAwB,yBAAxB;AACA,SAASC,KAAT,QAAsB,yBAAtB;;AAEA,SAASC,kBAAT,GACA;AACE;AACDF,wBAAQG,MAAR,CAAe,EAAC;AACCC,sCAAM,6BADR;AAEEC,6CAAa,ifAFf;AAGEC,4CAAY,CAAC,KAAD,EAAO,KAAP,CAHd;AAIEC,4CAAY,CAAC,QAAD,EAAU,SAAV,CAJd;AAKEC,wCAAQ,SALV;AAMEC,uCAAO,cANT,EAAf;AAOCT,wBAAQG,MAAR,CAAe,EAAC;AACJC,sCAAM,gDADH;AAECC,6CAAa,0UAFd;AAGCC,4CAAY,CAAC,KAAD,CAHb;AAICC,4CAAY,CAAC,QAAD,CAJb;AAKCC,wCAAQ,SALT;AAMCC,uCAAO,cANR,EAAf;AAOAT,wBAAQG,MAAR,CAAe,EAAC;AACJC,sCAAM,oBADH;AAECC,6CAAa,IAFd;AAGHC,4CAAY,CAAC,KAAD,CAHT;AAICC,4CAAY,CAAC,SAAD,CAJb;AAKCC,wCAAQ,SALT;AAMCC,uCAAO,cANR,EAAf;AAODT,wBAAQG,MAAR,CAAe,EAAC;AACHC,sCAAM,sBADJ;AAEEC,6CAAa,ggBAFf;AAGEC,4CAAY,CAAC,KAAD,EAAO,KAAP,CAHd;AAIEC,4CAAY,CAAC,QAAD,EAAU,SAAV,CAJd;AAKEC,wCAAQ,SALV;AAMEC,uCAAO,cANT,EAAf;;AAQC;AACAT,wBAAQG,MAAR,CAAe,EAAC;AACJC,sCAAM,0BADH;AAECC,6CAAa,aAFd;AAGCC,4CAAY,CAAC,KAAD,CAHb;AAICC,4CAAY,CAAC,QAAD,EAAU,SAAV,CAJb;AAKCC,wCAAQ,OALT;AAMCC,uCAAO,cANR,EAAf;AAOAT,wBAAQG,MAAR,CAAe,EAAC;AACJC,sCAAM,mBADH;AAECC,6CAAa,IAFd;AAGCC,4CAAY,CAAC,KAAD,EAAO,KAAP,CAHb;AAICC,4CAAY,CAAC,QAAD,EAAU,SAAV,CAJb;AAKCC,wCAAQ,OALT;AAMCC,uCAAO,cANR,EAAf;;AAQA;AACAT,wBAAQG,MAAR,CAAe,EAAC;AACJC,sCAAM,mBADH;AAECC,6CAAa,IAFd;AAGCC,4CAAY,CAAC,KAAD,EAAO,KAAP,EAAc,KAAd,CAHb;AAICC,4CAAY,CAAC,QAAD,EAAU,SAAV,CAJb;AAKCC,wCAAQ,MALT;AAMCC,uCAAO,cANR,EAAf;AAOAT,wBAAQG,MAAR,CAAe,EAAC;AACJC,sCAAM,gBADH;AAECC,6CAAa,IAFd;AAGCC,4CAAY,CAAC,KAAD,EAAQ,KAAR,CAHb;AAICC,4CAAY,CAAC,QAAD,EAAU,SAAV,CAJb;AAKCC,wCAAQ,MALT;AAMCC,uCAAO,cANR,EAAf;;AAQE;AACFT,wBAAQG,MAAR,CAAe,EAAC;AACJC,sCAAM,2CADH;AAECC,6CAAa,IAFd;AAGCC,4CAAY,CAAC,KAAD,EAAO,KAAP,CAHb;AAICC,4CAAY,CAAC,SAAD,CAJb;AAKCC,wCAAQ,MALT;AAMCC,uCAAO,cANR,EAAf;AAOAT,wBAAQG,MAAR,CAAe,EAAC;AACJC,sCAAM,mCADH;AAECC,6CAAa,IAFd;AAGCC,4CAAY,CAAC,KAAD,EAAO,KAAP,EAAc,KAAd,CAHb;AAICC,4CAAY,CAAC,QAAD,CAJb;AAKCC,wCAAQ,MALT;AAMCC,uCAAO,cANR,EAAf;AAOD;AACD,SAASC,gBAAT,GACA;AACET,sBAAME,MAAN,CAAa,EAACQ,KAAI,GAAL;AACDC,2CAAW,UADV;AAEDC,0CAAU,KAFT;AAGDC,0CAAU,UAHT;AAIDC,yCAAS,GAJR;AAKDC,yCAAS,EALR;AAMDC,yCAAS,UANR;AAODC,2CAAW;AAPV,iBAAb;AASAjB,sBAAME,MAAN,CAAa,EAACQ,KAAI,GAAL;AACDC,2CAAW,SADV;AAEDC,0CAAU,KAFT;AAGDC,0CAAU,UAHT;AAIDC,yCAAS,GAJR;AAKDC,yCAAS,EALR;AAMDC,yCAAS,UANR;AAODC,2CAAW;AAPV,iBAAb;AASAjB,sBAAME,MAAN,CAAa,EAACQ,KAAI,GAAL;AACDC,2CAAW,QADV;AAEDC,0CAAU,OAFT;AAGDC,0CAAU,UAHT;AAIDC,yCAAS,GAJR;AAKDC,yCAAS,EALR;AAMDC,yCAAS,UANR;AAODC,2CAAW;AAPV,iBAAb;AASD;;AAEDnB,OAAOoB,OAAP,CAAe,YAAM;AACnB;AACA,oBAAIC,2BAAyBpB,QAAQqB,IAAR,GAAeC,KAAf,EAA7B;AACA,oBAAIC,yBAAuBtB,MAAMoB,IAAN,GAAaC,KAAb,EAA3B;;AAEA,oBAAGF,2BAAyB,CAA5B,EACA;AACClB;AACA;AACD,oBAAGqB,yBAAuB,CAA1B,EACA;AACEb;AACD;AACD,CAbF","file":"/server/main.js.map","sourcesContent":["import { Meteor } from 'meteor/meteor';\n\n// import database from mongo\nimport '/imports/api/pitches.js';\nimport { Pitches } from '/imports/api/pitches.js';\nimport { Users } from '/imports/api/pitches.js';\n\nfunction createData_Pitches()\n{\n  //Creating Pitches for Central region\n\tPitches.insert({//_id:\"1\",\n                  name: \"Bishan Stadium Soccer Pitch\", \n                  description: \"Located in the Central, Bishan Stadium is a mere 10 mins walk away from Bishan MRT, which has both Circle Line as well as North-South Line. Despite the easy accessibility to Bishan Stadium, the field is in poor condition. The green of the grass has faded, leaving empty patches around the field. The field is sandy and there are presence of potholes. Due to the uneven ground, some parts of the fields are hard while others are soft. Hopefully, there would be some maintenance of the field soon.\", \n                  pitchTypes: [\"5v5\",\"7v7\"],\n                  facilities: [\"shower\",\"parking\"], \n                  region: \"Central\",\n                  owner: \"footysgadmin\" });\n  Pitches.insert({//_id:\"2\",\n  \t\t\t\t        name: \"First Toa Pa Yoh Secondary School Soccer Pitch\", \n                  description: \"First Toa Pa Yoh Secondary School Soccer Field is of appropriate size and boasts artificial turf. On top of these, it is very well maintained and in good condition. There are also many parking lots available nearby at the various HDB. Located close to the popular Toa Pa Yoh HDB Hub, it is indeed a good place for some football.\",\n                  pitchTypes: [\"7v7\"],\n                  facilities: [\"shower\"], \n                  region: \"Central\",\n                  owner: \"footysgadmin\" });\n  Pitches.insert({//_id:\"3\",\n  \t\t\t\t        name: \"Toa Pa Yoh Stadium\", \n                  description: \"NA\", \n\t\t\t\t          pitchTypes: [\"5v5\"],\n                  facilities: [\"parking\"], \n                  region: \"Central\",\n                  owner: \"footysgadmin\" });\n\tPitches.insert({//_id:\"4\",\n\t\t\t\t          name: \"Braddell Pitch 1 & 2\", \n                  description: \"While Braddell Pitch 1 & 2 may be convenient – 5 minutes walk away from Braddell MRT Station – there are few or no nearby facilities and amenities, with the closest ones being one MRT Station away. Also, while it is only a 5 minutes walk away from Braddel MRT Station, the Braddell Pitch 1 & 2 may be a bit tough to find.On the good side, Braddell Pitch 1 & 2 are of the appropriate sizes for 11-a-side football and the field is pretty well maintained with minimal brown patches. Goal posts are also available.\",\n                  pitchTypes: [\"5v5\",\"6v6\"],\n                  facilities: [\"shower\",\"parking\"], \n                  region: \"Central\",\n                  owner: \"footysgadmin\" });\n  \n  //Creating Pitches for North region\n  Pitches.insert({//_id:\"5\",\n  \t\t\t\t        name: \"Hiding Place Pitch 1 & 2\", \n                  description: \"Terror Club\",\n                  pitchTypes: [\"7v7\"],\n                  facilities: [\"shower\",\"parking\"],  \n                  region: \"North\",\n                  owner: \"footysgadmin\" });\n  Pitches.insert({//_id:\"6\",\n  \t\t\t\t        name: \"Woodlands Stadium\", \n                  description: \"NA\", \n                  pitchTypes: [\"5v5\",\"6v6\"],\n                  facilities: [\"shower\",\"parking\"], \n                  region: \"North\",\n                  owner: \"footysgadmin\" });\n\n  //Creating Pitches for East region\n  Pitches.insert({//_id:\"7\",\n  \t\t\t\t        name: \"Sports Planet ECP\", \n                  description: \"NA\", \n                  pitchTypes: [\"5v5\",\"6v6\", \"7v7\"],\n                  facilities: [\"shower\",\"parking\"],  \n                  region: \"East\",\n                  owner: \"footysgadmin\" });\n  Pitches.insert({//_id:\"8\",\n  \t\t\t\t        name: \"Safra Tampines\", \n                  description: \"NA\", \n                  pitchTypes: [\"6v6\", \"7v7\"],\n                  facilities: [\"shower\",\"parking\"],  \n                  region: \"East\",\n                  owner: \"footysgadmin\" });\n\n    //Creating Pitches for West region\n  Pitches.insert({//_id:\"9\",\n  \t\t\t\t        name: \"Yusof Ishak Secondary School Soccer Pitch\", \n                  description: \"NA\", \n                  pitchTypes: [\"5v5\",\"7v7\"],\n                  facilities: [\"parking\"],  \n                  region: \"West\",\n                  owner: \"footysgadmin\" });\n  Pitches.insert({//_id:\"10\",\n  \t\t\t\t        name: \"Tanglin Trust School Soccer Pitch\", \n                  description: \"NA\", \n                  pitchTypes: [\"5v5\",\"6v6\", \"7v7\"],\n                  facilities: [\"shower\"],  \n                  region: \"West\",\n                  owner: \"footysgadmin\" });\n}\nfunction createData_Users()\n{\n  Users.insert({_id:\"1\",\n              firstName: \"Mellavin\",\n              lastName: \"Mar\",\n              password: \"P@ssw0rd\",\n              isOwner: \"1\",\n              pitches: \"\",\n              contact: \"90123456\",\n              isBlocked: false\n            });\n  Users.insert({_id:\"2\",\n              firstName: \"Yue Hao\",\n              lastName: \"Pan\",\n              password: \"P@ssw0rd\",\n              isOwner: \"1\",\n              pitches: \"\",\n              contact: \"93123456\",\n              isBlocked: false\n            });\n  Users.insert({_id:\"3\",\n              firstName: \"Ganesh\",\n              lastName: \"Kumar\",\n              password: \"P@ssw0rd\",\n              isOwner: \"1\",\n              pitches: \"\",\n              contact: \"93123356\",\n              isBlocked: false\n            });\n}\n\nMeteor.startup(() => {\n  // code to run on server at startup\n  var totalNumberOfRec_Pitches=Pitches.find().count();\n  var totalNumberOfRec_Users=Users.find().count();\n\n  if(totalNumberOfRec_Pitches<1)\n  {\n  \tcreateData_Pitches();\n  }\n  if(totalNumberOfRec_Users<1)\n  {\n    createData_Users();\n  }\n });\n\n\n"]},"hash":"1885cbc7e7765a60d6f8369b9fd1aa8158e2d8a5"}
