{"metadata":{"usedHelpers":[],"marked":[],"modules":{"imports":[{"source":"./superadmin.html","imported":[],"specifiers":[]},{"source":"/imports/api/mellavin_new_mongo.js","imported":["Regions"],"specifiers":[{"kind":"named","imported":"Regions","local":"Regions"}]},{"source":"/imports/api/mellavin_new_mongo.js","imported":["FutsalParks"],"specifiers":[{"kind":"named","imported":"FutsalParks","local":"FutsalParks"}]}],"exports":{"exported":[],"specifiers":[]}}},"options":{"filename":"/imports/ui/superadmin/superadmin.js","filenameRelative":"/imports/ui/superadmin/superadmin.js","env":{"development":{"plugins":[]}},"retainLines":false,"highlightCode":true,"suppressDeprecationMessages":false,"presets":[],"plugins":[[[],{"polyfill":false}],[[],null],[[],null],[[],null],[[],null],[[],null],[[],null],[[],null],[[],null],[[],null],[[],null],[[],null],[[],null],[[],null],[[],null],[[],null],[[],{"loose":true}],[[],{"loose":true}],[[],null],[[],{"loose":true}],[[],null],[[],null],[[],null],[[],null],[[],null],[[],null],[[],null],[[],{"loose":true}],[[],null],[[],null],[[],null],[[],null],[[],null],[[],null],[[],null],[[],null]],"ignore":[],"code":true,"metadata":true,"ast":false,"comments":true,"compact":false,"minified":false,"sourceMap":true,"sourceMaps":true,"sourceMapTarget":"/imports/ui/superadmin/superadmin.js.map","sourceFileName":"/imports/ui/superadmin/superadmin.js","babelrc":false,"sourceType":"module","moduleIds":false,"passPerPreset":false,"parserOpts":false,"generatorOpts":false,"basename":"superadmin"},"ignored":false,"code":"module.import('./superadmin.html');var Regions;module.import('/imports/api/mellavin_new_mongo.js',{\"Regions\":function(v){Regions=v}});var FutsalParks;module.import('/imports/api/mellavin_new_mongo.js',{\"FutsalParks\":function(v){FutsalParks=v}});\n\n\n\nTemplate.superadmin.helpers({\n  returnRegions: function () {\n    function returnRegions() {\n      return Regions.find();\n    }\n\n    return returnRegions;\n  }(),\n  returnFutsalParks: function () {\n    function returnFutsalParks() {\n      return FutsalParks.find();\n    }\n\n    return returnFutsalParks;\n  }()\n});","ast":null,"map":{"version":3,"sources":["/imports/ui/superadmin/superadmin.js"],"names":["Regions","FutsalParks","Template","superadmin","helpers","returnRegions","find","returnFutsalParks"],"mappings":"AAAA,OAAO,mBAAP;AACA,SAASA,OAAT,QAAwB,oCAAxB;AACA,SAASC,WAAT,QAA4B,oCAA5B;;AAEAC,SAASC,UAAT,CAAoBC,OAApB,CAA4B;AAC1BC,eAD0B;AAAA,6BACV;AACd,aAAOL,QAAQM,IAAR,EAAP;AACD;;AAHyB;AAAA;AAI1BC,mBAJ0B;AAAA,iCAIN;AACnB,aAAON,YAAYK,IAAZ,EAAP;AACA;;AANyB;AAAA;AAAA,CAA5B","file":"/imports/ui/superadmin/superadmin.js.map","sourcesContent":["import './superadmin.html';\nimport { Regions } from '/imports/api/mellavin_new_mongo.js';\nimport { FutsalParks } from '/imports/api/mellavin_new_mongo.js';\n\nTemplate.superadmin.helpers({\n  returnRegions() {\n    return Regions.find()\n  },\n  returnFutsalParks() {\n  \treturn FutsalParks.find()\n  }\n});\n\n\n"]},"hash":"37224798b468542cb61f32aa585776556009fdb3"}
