{"metadata":{"usedHelpers":[],"marked":[],"modules":{"imports":[{"source":"meteor/mongo","imported":["Mongo"],"specifiers":[{"kind":"named","imported":"Mongo","local":"Mongo"}]}],"exports":{"exported":["Regions","FutsalParks"],"specifiers":[{"kind":"local","local":"Regions","exported":"Regions"},{"kind":"local","local":"FutsalParks","exported":"FutsalParks"}]}}},"options":{"filename":"/imports/api/mellavin_new_mongo.js","filenameRelative":"/imports/api/mellavin_new_mongo.js","env":{"development":{"plugins":[]}},"retainLines":false,"highlightCode":true,"suppressDeprecationMessages":false,"presets":[],"plugins":[[[],{"polyfill":false}],[[],null],[[],null],[[],null],[[],null],[[],null],[[],null],[[],null],[[],null],[[],null],[[],null],[[],null],[[],null],[[],null],[[],null],[[],null],[[],{"loose":true}],[[],{"loose":true}],[[],null],[[],{"loose":true}],[[],null],[[],null],[[],null],[[],null],[[],null],[[],null],[[],null],[[],{"loose":true}],[[],null],[[],null],[[],null],[[],null],[[],null],[[],null],[[],null],[[],null]],"ignore":[],"code":true,"metadata":true,"ast":false,"comments":true,"compact":false,"minified":false,"sourceMap":true,"sourceMaps":true,"sourceMapTarget":"/imports/api/mellavin_new_mongo.js.map","sourceFileName":"/imports/api/mellavin_new_mongo.js","babelrc":false,"sourceType":"module","moduleIds":false,"passPerPreset":false,"parserOpts":false,"generatorOpts":false,"basename":"mellavin_new_mongo"},"ignored":false,"code":"module.export({Regions:function(){return Regions},FutsalParks:function(){return FutsalParks}});var Mongo;module.import('meteor/mongo',{\"Mongo\":function(v){Mongo=v}});\n\nvar Regions = new Mongo.Collection('regions');\nvar FutsalParks = new Mongo.Collection('futsalparks');","ast":null,"map":{"version":3,"sources":["/imports/api/mellavin_new_mongo.js"],"names":["Mongo","Regions","Collection","FutsalParks"],"mappings":"AAAA,SAASA,KAAT,QAAsB,cAAtB;;AAEA,OAAO,IAAMC,UAAU,IAAID,MAAME,UAAV,CAAqB,SAArB,CAAhB;AACP,OAAO,IAAMC,cAAc,IAAIH,MAAME,UAAV,CAAqB,aAArB,CAApB","file":"/imports/api/mellavin_new_mongo.js.map","sourcesContent":["import { Mongo } from 'meteor/mongo';\n\nexport const Regions = new Mongo.Collection('regions');\nexport const FutsalParks = new Mongo.Collection('futsalparks');\n\n"]},"hash":"4551ef4cec3b7d83321b1a2ca0bfb91d51d1487c"}
