{"metadata":{"usedHelpers":[],"marked":[],"modules":{"imports":[{"source":"/imports/ui/superadmin/superadmin.js","imported":[],"specifiers":[]}],"exports":{"exported":[],"specifiers":[]}}},"options":{"filename":"/imports/ui/superadmin/router.js","filenameRelative":"/imports/ui/superadmin/router.js","env":{"development":{"plugins":[]}},"retainLines":false,"highlightCode":true,"suppressDeprecationMessages":false,"presets":[],"plugins":[[[],{"polyfill":false}],[[],null],[[],null],[[],null],[[],null],[[],null],[[],null],[[],null],[[],null],[[],null],[[],null],[[],null],[[],null],[[],null],[[],null],[[],null],[[],{"loose":true}],[[],{"loose":true}],[[],null],[[],{"loose":true}],[[],null],[[],null],[[],null],[[],null],[[],null],[[],null],[[],null],[[],{"loose":true}],[[],null],[[],null],[[],null],[[],null],[[],null],[[],null],[[],null],[[],null]],"ignore":[],"code":true,"metadata":true,"ast":false,"comments":true,"compact":false,"minified":false,"sourceMap":true,"sourceMaps":true,"sourceMapTarget":"/imports/ui/superadmin/router.js.map","sourceFileName":"/imports/ui/superadmin/router.js","babelrc":false,"sourceType":"module","moduleIds":false,"passPerPreset":false,"parserOpts":false,"generatorOpts":false,"basename":"router"},"ignored":false,"code":"module.import('/imports/ui/superadmin/superadmin.js');\n\nRouter.route('/superadmin', {\n\ttemplate: 'superadmin'\n});","ast":null,"map":{"version":3,"sources":["/imports/ui/superadmin/router.js"],"names":["Router","route","template"],"mappings":"AAAA,OAAO,sCAAP;;AAEAA,OAAOC,KAAP,CAAa,aAAb,EAA2B;AAC1BC,WAAS;AADiB,CAA3B","file":"/imports/ui/superadmin/router.js.map","sourcesContent":["import '/imports/ui/superadmin/superadmin.js'\n\nRouter.route('/superadmin',{\n\ttemplate:'superadmin',\n});\n\n\n"]},"hash":"52e1e972f5fefc32132f3b8f16e295b075ef9216"}
