{"metadata":{"usedHelpers":[],"marked":[],"modules":{"imports":[],"exports":{"exported":[],"specifiers":[]}}},"options":{"filename":"/server/boostrap-data_v1.js","filenameRelative":"/server/boostrap-data_v1.js","env":{"development":{"plugins":[]}},"retainLines":false,"highlightCode":true,"suppressDeprecationMessages":false,"presets":[],"plugins":[[[],{"polyfill":false}],[[],null],[[],null],[[],null],[[],null],[[],null],[[],null],[[],null],[[],null],[[],null],[[],null],[[],null],[[],null],[[],null],[[],null],[[],null],[[],{"loose":true}],[[],{"loose":true}],[[],null],[[],{"loose":true}],[[],null],[[],null],[[],null],[[],null],[[],null],[[],null],[[],null],[[],{"loose":true}],[[],null],[[],null],[[],null],[[],null],[[],null],[[],null],[[],null],[[],null]],"ignore":[],"code":true,"metadata":true,"ast":false,"comments":true,"compact":false,"minified":false,"sourceMap":true,"sourceMaps":true,"sourceMapTarget":"/server/boostrap-data_v1.js.map","sourceFileName":"/server/boostrap-data_v1.js","babelrc":false,"sourceType":"module","moduleIds":false,"passPerPreset":false,"parserOpts":false,"generatorOpts":false,"basename":"boostrap-data_v1"},"ignored":false,"code":"\n// Regions = new Mongo.Collection('regions');\n// FutsalParks = new Mongo.Collection('futsalparks');\n// FutsalPitches = new Mongo.Collection('futsalpitches');\n// Games = new Mongo.Collection('games');\n// HourlyPrices = new Mongo.Collection('hourlyprices');\n// SpecialPrices = new Mongo.Collection('specialprices');\n// BookedPrices = new Mongo.Collection('bookedprices');\n// PromoCodes = new Mongo.Collection('promocodes');\n// Players = new Mongo.Collection('players');\n// ParkOwners = new Mongo.Collection('parkowners');\n// Admins = new Mongo.Collection('admins');\n\n\n// if(Regions.find().count()<1){\n// \tcreate_Regions();\n// }\n\n// if(FutsalParks.find().count()<1){\n// \tcreate_FutsalParks();\n// }\n\n// if(FutsalPitches.find().count()<1){\n// \tcreate_FutsalPitches();\n// }\n\n// if(Games.find().count()<1){\n// \tcreate_Games();\n// }\n\n// function create_Regions(){\n// \tRegions.insert({regionName: 'North'});\n// \tRegions.insert({regionName: 'Central'});\n// \tRegions.insert({regionName: 'East'});\n// \tRegions.insert({regionName: 'West'});\n// }\n\n// function create_FutsalParks(){\n// \t//Creating FutsalParks for North region\n// \tFutsalParks.insert({//_id:\"1\",\n// \t                name: \"North Futsal Park 1\", \n// \t                description: \"This is North Futsal Park 1\", \n// \t                pitches: [],\n// \t                pitchSizes: [\"5v5\",\"7v7\"],\n// \t                facilities: [\"shower\",\"parking\"], \n// \t                region: \"North\",\n// \t                owner: \"northOwner\" });\n// \tFutsalParks.insert({//_id:\"2\",\n// \t                name: \"North Futsal Park 2\", \n// \t                description: \"This is North Futsal Park 2\", \n// \t                pitches: [],\n// \t                pitchSizes: [\"7v7\"],\n// \t                facilities: [\"shower\"], \n// \t                region: \"North\",\n// \t                owner: \"northOwner\" });\n// \tFutsalParks.insert({//_id:\"3\",\n// \t                name: \"North Futsal Park 3\", \n// \t                description: \"This is North Futsal Park 3\", \n// \t                pitches: [],\n// \t                pitchSizes: [\"5v5\"],\n// \t                facilities: [\"parking\"], \n// \t                region: \"North\",\n// \t                owner: \"northOwner\" });\n// \tFutsalParks.insert({//_id:\"4\",\n// \t                name: \"North Futsal Park 4\", \n// \t                description: \"This is North Futsal Park 4\", \n// \t                pitches: [],\n// \t                pitchSizes: [\"5v5\",\"6v6\"],\n// \t                facilities: [\"shower\",\"parking\"], \n// \t                region: \"North\",\n// \t                owner: \"northOwner\" });\n\n// \t//Creating FutsalParks for Central region\n// \tFutsalParks.insert({//_id:\"5\",\n// \t                name: \"Central Futsal Park 1\", \n// \t                description: \"This is Central Futsal Park 1\", \n// \t                pitches: [],\n// \t                pitchSizes: [\"7v7\"],\n// \t                facilities: [\"shower\",\"parking\"],  \n// \t                region: \"Central\",\n// \t                owner: \"centralOwner\" });\n// \tFutsalParks.insert({//_id:\"6\",\n// \t                name: \"Central Futsal Park 2\", \n// \t                description: \"This is Central Futsal Park 2\", \n// \t                pitches: [],\n// \t                pitchSizes: [\"5v5\",\"6v6\"],\n// \t                facilities: [\"shower\",\"parking\"], \n// \t                region: \"Central\",\n// \t                owner: \"centralOwner\" });\n\n// \t//Creating FutsalParks for East region\n// \tFutsalParks.insert({//_id:\"7\",\n// \t                name: \"East Futsal Park 1\", \n// \t                description: \"This is East Futsal Park 1\", \n// \t                pitches: [],\n// \t                pitchSizes: [\"5v5\",\"6v6\", \"7v7\"],\n// \t                facilities: [\"shower\",\"parking\"],  \n// \t                region: \"East\",\n// \t                owner: \"eastOwner\" });\n// \tFutsalParks.insert({//_id:\"8\",\n// \t                name: \"East Futsal Park 2\", \n// \t                description: \"This is East Futsal Park 2\", \n// \t                pitches: [],\n// \t                pitchSizes: [\"6v6\", \"7v7\"],\n// \t                facilities: [\"shower\",\"parking\"],  \n// \t                region: \"East\",\n// \t                owner: \"eastOwner\" });\n\n// \t//Creating FutsalParks for West region\n// \tFutsalParks.insert({//_id:\"9\",\n// \t                name: \"West Futsal Park 2\", \n// \t                description: \"This is West Futsal Park 2\", \n// \t                pitches: [],\n// \t                pitchSizes: [\"5v5\",\"7v7\"],\n// \t                facilities: [\"parking\"],  \n// \t                region: \"West\",\n// \t                owner: \"westOwner\" });\n// \tFutsalParks.insert({//_id:\"10\",\n// \t                name: \"West Futsal Park 3\", \n// \t                description: \"This is West Futsal Park 3\", \n// \t                pitches: [],\n// \t                pitchSizes: [\"5v5\",\"6v6\", \"7v7\"],\n// \t                facilities: [\"shower\"],  \n// \t                region: \"West\",\n// \t                owner: \"westOwner\" });\n// }\n\n// function create_FutsalPitches(){\n// \t//Creating Generic Demo Pitches\n// \tFutsalPitches.insert({\n// \t                name : \"Demo Pitch ONE\",\n// \t                description: \"Demo Pitch ONE that can be used by any Park for testing\",\n// \t                size: \"5v5\",\n// \t                hourlyPrice: \"\",\n// \t                promoPrice:\"\",\n// \t                games:\"\" });\n\n// \tFutsalPitches.insert({\n// \t                name : \"Demo Pitch TWO\",\n// \t                description: \"Demo Pitch TWO that can be used by any Park for testing\",\n// \t                size: \"5v5\",\n// \t                hourlyPrice: \"\",\n// \t                promoPrice:\"\",\n// \t                games:\"\" });\n\n// \tFutsalPitches.insert({\n// \t                name : \"Demo Pitch THREE\",\n// \t                description: \"Demo Pitch THREE that can be used by any Park for testing\",\n// \t                size: \"7v7\",\n// \t                hourlyPrice: \"\",\n// \t                promoPrice:\"\",\n// \t                games:\"\" });\n// \tFutsalPitches.insert({\n// \t                name : \"Demo Pitch FOUR\",\n// \t                description: \"Demo Pitch FOUR that can be used by any Park for testing\",\n// \t                size: \"11v11\",\n// \t                hourlyPrice: \"\",\n// \t                promoPrice:\"\",\n// \t                games:\"\" });\n// }\n\n// function create_Games(){\n// \t// Games.insert({\n// \t// \tfutsalPark: 1\n// \t// \tfutsalPitch:1\n// \t// \tdate:\n// \t// \tstartTime:\n// \t// \tendTime:\n// \t// \tnoOfHours:\n// \t// \thourlyPrice:\n// \t// \tpromoPrice:\n// \t// \tbookedPrice:\n// \t// \tpromocode:\n// \t// \towner:\n// \t// \tplayers:\n// \t// });\n// \t// Games.insert({\n// \t// \tfutsalPark:\n// \t// \tfutsalPitch:\n// \t// \tdate:\n// \t// \tstartTime:\n// \t// \tendTime:\n// \t// \tnoOfHours:\n// \t// \thourlyPrice:\n// \t// \tpromoPrice:\n// \t// \tbookedPrice:\n// \t// \tpromocode:\n// \t// \towner:\n// \t// \tplayers:\n// \t// });\n// \t// Games.insert({\n// \t// \tfutsalPark:\n// \t// \tfutsalPitch:\n// \t// \tdate:\n// \t// \tstartTime:\n// \t// \tendTime:\n// \t// \tnoOfHours:\n// \t// \thourlyPrice:\n// \t// \tpromoPrice:\n// \t// \tbookedPrice:\n// \t// \tpromocode:\n// \t// \towner:\n// \t// \tplayers:\n// \t// });\n// }\n\n\n// // HourlyPrices.insert({\n// //                 futsalPitch: \"\",\n// //                 day: \"Monday\",\n// //                 startTime: \"900\",\n// //                 endTime: \"1000\",\n// //                 price: \"100\" });\n// // HourlyPrices.insert({\n// //                 futsalPitch: \"\",\n// //                 day: \"Tuesday\",\n// //                 startTime: \"900\",\n// //                 endTime: \"1000\",\n// //                 price: \"200\" });\n\n// // SpecialPrices.insert({\n// //                 futsalPitch: \"\",\n// //                 day: \"Monday\",\n// //                 startTime: \"900\",\n// //                 endTime: \"1000\",\n// //                 price: \"99\" });\n\n\n// // SpecialPrices.insert({\n// //                 futsalPitch: \"\",\n// //                 day: \"Tuesday\",\n// //                 startTime: \"900\",\n// //                 endTime: \"1000\",\n// //                 price: \"199\" });","ast":null,"map":{"version":3,"sources":["/server/boostrap-data_v1.js"],"names":[],"mappings":";AACA;AACA;AACA;AACA;AACA;AACA;AACA;AACA;AACA;AACA;AACA;;;AAOA;AACA;AACA;;AAEA;AACA;AACA;;AAEA;AACA;AACA;;AAEA;AACA;AACA;;AAEA;AACA;AACA;AACA;AACA;AACA;;AAEA;AACA;AACA;AACA;AACA;AACA;AACA;AACA;AACA;AACA;AACA;AACA;AACA;AACA;AACA;AACA;AACA;AACA;AACA;AACA;AACA;AACA;AACA;AACA;AACA;AACA;AACA;AACA;AACA;AACA;AACA;AACA;AACA;AACA;;AAEA;AACA;AACA;AACA;AACA;AACA;AACA;AACA;AACA;AACA;AACA;AACA;AACA;AACA;AACA;AACA;AACA;;AAEA;AACA;AACA;AACA;AACA;AACA;AACA;AACA;AACA;AACA;AACA;AACA;AACA;AACA;AACA;AACA;AACA;;AAEA;AACA;AACA;AACA;AACA;AACA;AACA;AACA;AACA;AACA;AACA;AACA;AACA;AACA;AACA;AACA;AACA;AACA;;AAEA;AACA;AACA;AACA;AACA;AACA;AACA;AACA;AACA;;AAEA;AACA;AACA;AACA;AACA;AACA;AACA;;AAEA;AACA;AACA;AACA;AACA;AACA;AACA;AACA;AACA;AACA;AACA;AACA;AACA;AACA;AACA;;AAEA;AACA;AACA;AACA;AACA;AACA;AACA;AACA;AACA;AACA;AACA;AACA;AACA;AACA;AACA;AACA;AACA;AACA;AACA;AACA;AACA;AACA;AACA;AACA;AACA;AACA;AACA;AACA;AACA;AACA;AACA;AACA;AACA;AACA;AACA;AACA;AACA;AACA;AACA;AACA;AACA;AACA;AACA;AACA;;;AAoBA;AACA;AACA;AACA;AACA;AACA;AACA;AACA;AACA;AACA;AACA;AACA;;AAEA;AACA;AACA;AACA;AACA;AACA;;;AAGA;AACA;AACA;AACA;AACA;AACA","file":"/server/boostrap-data_v1.js.map","sourcesContent":["\n// Regions = new Mongo.Collection('regions');\n// FutsalParks = new Mongo.Collection('futsalparks');\n// FutsalPitches = new Mongo.Collection('futsalpitches');\n// Games = new Mongo.Collection('games');\n// HourlyPrices = new Mongo.Collection('hourlyprices');\n// SpecialPrices = new Mongo.Collection('specialprices');\n// BookedPrices = new Mongo.Collection('bookedprices');\n// PromoCodes = new Mongo.Collection('promocodes');\n// Players = new Mongo.Collection('players');\n// ParkOwners = new Mongo.Collection('parkowners');\n// Admins = new Mongo.Collection('admins');\n\n\n\n\n\n\n// if(Regions.find().count()<1){\n// \tcreate_Regions();\n// }\n\n// if(FutsalParks.find().count()<1){\n// \tcreate_FutsalParks();\n// }\n\n// if(FutsalPitches.find().count()<1){\n// \tcreate_FutsalPitches();\n// }\n\n// if(Games.find().count()<1){\n// \tcreate_Games();\n// }\n\n// function create_Regions(){\n// \tRegions.insert({regionName: 'North'});\n// \tRegions.insert({regionName: 'Central'});\n// \tRegions.insert({regionName: 'East'});\n// \tRegions.insert({regionName: 'West'});\n// }\n\n// function create_FutsalParks(){\n// \t//Creating FutsalParks for North region\n// \tFutsalParks.insert({//_id:\"1\",\n// \t                name: \"North Futsal Park 1\", \n// \t                description: \"This is North Futsal Park 1\", \n// \t                pitches: [],\n// \t                pitchSizes: [\"5v5\",\"7v7\"],\n// \t                facilities: [\"shower\",\"parking\"], \n// \t                region: \"North\",\n// \t                owner: \"northOwner\" });\n// \tFutsalParks.insert({//_id:\"2\",\n// \t                name: \"North Futsal Park 2\", \n// \t                description: \"This is North Futsal Park 2\", \n// \t                pitches: [],\n// \t                pitchSizes: [\"7v7\"],\n// \t                facilities: [\"shower\"], \n// \t                region: \"North\",\n// \t                owner: \"northOwner\" });\n// \tFutsalParks.insert({//_id:\"3\",\n// \t                name: \"North Futsal Park 3\", \n// \t                description: \"This is North Futsal Park 3\", \n// \t                pitches: [],\n// \t                pitchSizes: [\"5v5\"],\n// \t                facilities: [\"parking\"], \n// \t                region: \"North\",\n// \t                owner: \"northOwner\" });\n// \tFutsalParks.insert({//_id:\"4\",\n// \t                name: \"North Futsal Park 4\", \n// \t                description: \"This is North Futsal Park 4\", \n// \t                pitches: [],\n// \t                pitchSizes: [\"5v5\",\"6v6\"],\n// \t                facilities: [\"shower\",\"parking\"], \n// \t                region: \"North\",\n// \t                owner: \"northOwner\" });\n\n// \t//Creating FutsalParks for Central region\n// \tFutsalParks.insert({//_id:\"5\",\n// \t                name: \"Central Futsal Park 1\", \n// \t                description: \"This is Central Futsal Park 1\", \n// \t                pitches: [],\n// \t                pitchSizes: [\"7v7\"],\n// \t                facilities: [\"shower\",\"parking\"],  \n// \t                region: \"Central\",\n// \t                owner: \"centralOwner\" });\n// \tFutsalParks.insert({//_id:\"6\",\n// \t                name: \"Central Futsal Park 2\", \n// \t                description: \"This is Central Futsal Park 2\", \n// \t                pitches: [],\n// \t                pitchSizes: [\"5v5\",\"6v6\"],\n// \t                facilities: [\"shower\",\"parking\"], \n// \t                region: \"Central\",\n// \t                owner: \"centralOwner\" });\n\n// \t//Creating FutsalParks for East region\n// \tFutsalParks.insert({//_id:\"7\",\n// \t                name: \"East Futsal Park 1\", \n// \t                description: \"This is East Futsal Park 1\", \n// \t                pitches: [],\n// \t                pitchSizes: [\"5v5\",\"6v6\", \"7v7\"],\n// \t                facilities: [\"shower\",\"parking\"],  \n// \t                region: \"East\",\n// \t                owner: \"eastOwner\" });\n// \tFutsalParks.insert({//_id:\"8\",\n// \t                name: \"East Futsal Park 2\", \n// \t                description: \"This is East Futsal Park 2\", \n// \t                pitches: [],\n// \t                pitchSizes: [\"6v6\", \"7v7\"],\n// \t                facilities: [\"shower\",\"parking\"],  \n// \t                region: \"East\",\n// \t                owner: \"eastOwner\" });\n\n// \t//Creating FutsalParks for West region\n// \tFutsalParks.insert({//_id:\"9\",\n// \t                name: \"West Futsal Park 2\", \n// \t                description: \"This is West Futsal Park 2\", \n// \t                pitches: [],\n// \t                pitchSizes: [\"5v5\",\"7v7\"],\n// \t                facilities: [\"parking\"],  \n// \t                region: \"West\",\n// \t                owner: \"westOwner\" });\n// \tFutsalParks.insert({//_id:\"10\",\n// \t                name: \"West Futsal Park 3\", \n// \t                description: \"This is West Futsal Park 3\", \n// \t                pitches: [],\n// \t                pitchSizes: [\"5v5\",\"6v6\", \"7v7\"],\n// \t                facilities: [\"shower\"],  \n// \t                region: \"West\",\n// \t                owner: \"westOwner\" });\n// }\n\n// function create_FutsalPitches(){\n// \t//Creating Generic Demo Pitches\n// \tFutsalPitches.insert({\n// \t                name : \"Demo Pitch ONE\",\n// \t                description: \"Demo Pitch ONE that can be used by any Park for testing\",\n// \t                size: \"5v5\",\n// \t                hourlyPrice: \"\",\n// \t                promoPrice:\"\",\n// \t                games:\"\" });\n\n// \tFutsalPitches.insert({\n// \t                name : \"Demo Pitch TWO\",\n// \t                description: \"Demo Pitch TWO that can be used by any Park for testing\",\n// \t                size: \"5v5\",\n// \t                hourlyPrice: \"\",\n// \t                promoPrice:\"\",\n// \t                games:\"\" });\n\n// \tFutsalPitches.insert({\n// \t                name : \"Demo Pitch THREE\",\n// \t                description: \"Demo Pitch THREE that can be used by any Park for testing\",\n// \t                size: \"7v7\",\n// \t                hourlyPrice: \"\",\n// \t                promoPrice:\"\",\n// \t                games:\"\" });\n// \tFutsalPitches.insert({\n// \t                name : \"Demo Pitch FOUR\",\n// \t                description: \"Demo Pitch FOUR that can be used by any Park for testing\",\n// \t                size: \"11v11\",\n// \t                hourlyPrice: \"\",\n// \t                promoPrice:\"\",\n// \t                games:\"\" });\n// }\n\n// function create_Games(){\n// \t// Games.insert({\n// \t// \tfutsalPark: 1\n// \t// \tfutsalPitch:1\n// \t// \tdate:\n// \t// \tstartTime:\n// \t// \tendTime:\n// \t// \tnoOfHours:\n// \t// \thourlyPrice:\n// \t// \tpromoPrice:\n// \t// \tbookedPrice:\n// \t// \tpromocode:\n// \t// \towner:\n// \t// \tplayers:\n// \t// });\n// \t// Games.insert({\n// \t// \tfutsalPark:\n// \t// \tfutsalPitch:\n// \t// \tdate:\n// \t// \tstartTime:\n// \t// \tendTime:\n// \t// \tnoOfHours:\n// \t// \thourlyPrice:\n// \t// \tpromoPrice:\n// \t// \tbookedPrice:\n// \t// \tpromocode:\n// \t// \towner:\n// \t// \tplayers:\n// \t// });\n// \t// Games.insert({\n// \t// \tfutsalPark:\n// \t// \tfutsalPitch:\n// \t// \tdate:\n// \t// \tstartTime:\n// \t// \tendTime:\n// \t// \tnoOfHours:\n// \t// \thourlyPrice:\n// \t// \tpromoPrice:\n// \t// \tbookedPrice:\n// \t// \tpromocode:\n// \t// \towner:\n// \t// \tplayers:\n// \t// });\n// }\n\n\n\n\n\n\n\n\n\n\n\n\n\n\n\n\n\n\n\n// // HourlyPrices.insert({\n// //                 futsalPitch: \"\",\n// //                 day: \"Monday\",\n// //                 startTime: \"900\",\n// //                 endTime: \"1000\",\n// //                 price: \"100\" });\n// // HourlyPrices.insert({\n// //                 futsalPitch: \"\",\n// //                 day: \"Tuesday\",\n// //                 startTime: \"900\",\n// //                 endTime: \"1000\",\n// //                 price: \"200\" });\n\n// // SpecialPrices.insert({\n// //                 futsalPitch: \"\",\n// //                 day: \"Monday\",\n// //                 startTime: \"900\",\n// //                 endTime: \"1000\",\n// //                 price: \"99\" });\n\n\n// // SpecialPrices.insert({\n// //                 futsalPitch: \"\",\n// //                 day: \"Tuesday\",\n// //                 startTime: \"900\",\n// //                 endTime: \"1000\",\n// //                 price: \"199\" });\n\n"]},"hash":"657ae5365fa9e5a23f97a65b6ddc468b4965380e"}
