{"metadata":{"usedHelpers":[],"marked":[],"modules":{"imports":[{"source":"/imports/api/mellavin_new_mongo.js","imported":["Regions"],"specifiers":[{"kind":"named","imported":"Regions","local":"Regions"}]},{"source":"/imports/api/mellavin_new_mongo.js","imported":["FutsalParks"],"specifiers":[{"kind":"named","imported":"FutsalParks","local":"FutsalParks"}]}],"exports":{"exported":[],"specifiers":[]}}},"options":{"filename":"/server/boostrap-data_v2.js","filenameRelative":"/server/boostrap-data_v2.js","env":{"development":{"plugins":[]}},"retainLines":false,"highlightCode":true,"suppressDeprecationMessages":false,"presets":[],"plugins":[[[],{"polyfill":false}],[[],null],[[],null],[[],null],[[],null],[[],null],[[],null],[[],null],[[],null],[[],null],[[],null],[[],null],[[],null],[[],null],[[],null],[[],null],[[],{"loose":true}],[[],{"loose":true}],[[],null],[[],{"loose":true}],[[],null],[[],null],[[],null],[[],null],[[],null],[[],null],[[],null],[[],{"loose":true}],[[],null],[[],null],[[],null],[[],null],[[],null],[[],null],[[],null],[[],null]],"ignore":[],"code":true,"metadata":true,"ast":false,"comments":true,"compact":false,"minified":false,"sourceMap":true,"sourceMaps":true,"sourceMapTarget":"/server/boostrap-data_v2.js.map","sourceFileName":"/server/boostrap-data_v2.js","babelrc":false,"sourceType":"module","moduleIds":false,"passPerPreset":false,"parserOpts":false,"generatorOpts":false,"basename":"boostrap-data_v2"},"ignored":false,"code":"var Regions;module.import('/imports/api/mellavin_new_mongo.js',{\"Regions\":function(v){Regions=v}});var FutsalParks;module.import('/imports/api/mellavin_new_mongo.js',{\"FutsalParks\":function(v){FutsalParks=v}});\n\n\nif (Regions.find().count() < 1) {\n\tcreate_Regions();\n\tcreate_FutsalParks();\n}\n\n// create_FutsalParks();\n\nfunction create_Regions() {\n\tRegions.insert({ country: \"Singapore\", regionName: \"North\" });\n\tRegions.insert({ country: \"Singapore\", regionName: \"Central\" });\n\tRegions.insert({ country: \"Singapore\", regionName: \"East\" });\n\tRegions.insert({ country: \"Singapore\", regionName: \"West\" });\n}\n\nfunction create_FutsalParks() {\n\tFutsalParks.insert({ //_id:\"1\",\n\t\tname: \"North Futsal Park 1\",\n\t\tdescription: \"This is North Futsal Park 1\",\n\t\tpitches: [{\n\t\t\tname: \"NFP1: Pitch 1\",\n\t\t\tdescription: \"North Futsal Park 1 Pitch 1\",\n\t\t\tsize: \"5v5\",\n\t\t\thourlyPriceByDay: [{\n\t\t\t\tday: \"Monday\",\n\t\t\t\tprice: 90\n\t\t\t}, {\n\t\t\t\tday: \"Tuesday\",\n\t\t\t\tprice: 90\n\t\t\t}, {\n\t\t\t\tday: \"Tuesday\",\n\t\t\t\tprice: 90\n\t\t\t}, {\n\t\t\t\tday: \"Tuesday\",\n\t\t\t\tprice: 90\n\t\t\t}, {\n\t\t\t\tday: \"Tuesday\",\n\t\t\t\tprice: 90\n\t\t\t}, {\n\t\t\t\tday: \"Tuesday\",\n\t\t\t\tprice: 90\n\t\t\t}],\n\t\t\tpromoPricebyDate: [],\n\t\t\tgames: [{\n\t\t\t\tday: \"Monday\",\n\t\t\t\ttime: 1100,\n\t\t\t\tprice: 90\n\t\t\t}, {\n\t\t\t\tday: \"Monday\",\n\t\t\t\ttime: 1200,\n\t\t\t\tprice: 90\n\t\t\t}]\n\t\t}, {\n\t\t\tname: \"NFP1: Pitch 2\",\n\t\t\tdescription: \"North Futsal Park 1 Pitch 2\",\n\t\t\tsize: \"5v5\",\n\t\t\thourlyPriceByDay: [{\n\t\t\t\tday: \"Monday\",\n\t\t\t\tprice: 90\n\t\t\t}, {\n\t\t\t\tday: \"Tuesday\",\n\t\t\t\tprice: 90\n\t\t\t}, {\n\t\t\t\tday: \"Tuesday\",\n\t\t\t\tprice: 90\n\t\t\t}, {\n\t\t\t\tday: \"Tuesday\",\n\t\t\t\tprice: 90\n\t\t\t}, {\n\t\t\t\tday: \"Tuesday\",\n\t\t\t\tprice: 90\n\t\t\t}, {\n\t\t\t\tday: \"Tuesday\",\n\t\t\t\tprice: 90\n\t\t\t}],\n\t\t\tpromoPricebyDate: [],\n\t\t\tgames: [{}]\n\t\t}],\n\t\tpitchSizes: [\"5v5\", \"7v7\"],\n\t\tfacilities: [\"shower\", \"parking\"],\n\t\tregion: \"North\",\n\t\towner: \"northOwner\" });\n\tFutsalParks.insert({ //_id:\"2\",\n\t\tname: \"North Futsal Park 2\",\n\t\tdescription: \"This is North Futsal Park 2\",\n\t\tpitches: [],\n\t\tpitchSizes: [\"7v7\"],\n\t\tfacilities: [\"shower\"],\n\t\tregion: \"North\",\n\t\towner: \"northOwner\" });\n\tFutsalParks.insert({ //_id:\"3\",\n\t\tname: \"North Futsal Park 3\",\n\t\tdescription: \"This is North Futsal Park 3\",\n\t\tpitches: [],\n\t\tpitchSizes: [\"5v5\"],\n\t\tfacilities: [\"parking\"],\n\t\tregion: \"North\",\n\t\towner: \"northOwner\" });\n\tFutsalParks.insert({ //_id:\"4\",\n\t\tname: \"North Futsal Park 4\",\n\t\tdescription: \"This is North Futsal Park 4\",\n\t\tpitches: [],\n\t\tpitchSizes: [\"5v5\", \"6v6\"],\n\t\tfacilities: [\"shower\", \"parking\"],\n\t\tregion: \"North\",\n\t\towner: \"northOwner\" });\n\n\t//Creating FutsalParks for Central region\n\tFutsalParks.insert({ //_id:\"5\",\n\t\tname: \"Central Futsal Park 1\",\n\t\tdescription: \"This is Central Futsal Park 1\",\n\t\tpitches: [],\n\t\tpitchSizes: [\"7v7\"],\n\t\tfacilities: [\"shower\", \"parking\"],\n\t\tregion: \"Central\",\n\t\towner: \"centralOwner\" });\n\tFutsalParks.insert({ //_id:\"6\",\n\t\tname: \"Central Futsal Park 2\",\n\t\tdescription: \"This is Central Futsal Park 2\",\n\t\tpitches: [],\n\t\tpitchSizes: [\"5v5\", \"6v6\"],\n\t\tfacilities: [\"shower\", \"parking\"],\n\t\tregion: \"Central\",\n\t\towner: \"centralOwner\" });\n\n\t//Creating FutsalParks for East region\n\tFutsalParks.insert({ //_id:\"7\",\n\t\tname: \"East Futsal Park 1\",\n\t\tdescription: \"This is East Futsal Park 1\",\n\t\tpitches: [],\n\t\tpitchSizes: [\"5v5\", \"6v6\", \"7v7\"],\n\t\tfacilities: [\"shower\", \"parking\"],\n\t\tregion: \"East\",\n\t\towner: \"eastOwner\" });\n\tFutsalParks.insert({ //_id:\"8\",\n\t\tname: \"East Futsal Park 2\",\n\t\tdescription: \"This is East Futsal Park 2\",\n\t\tpitches: [],\n\t\tpitchSizes: [\"6v6\", \"7v7\"],\n\t\tfacilities: [\"shower\", \"parking\"],\n\t\tregion: \"East\",\n\t\towner: \"eastOwner\" });\n\n\t//Creating FutsalParks for West region\n\tFutsalParks.insert({ //_id:\"9\",\n\t\tname: \"West Futsal Park 2\",\n\t\tdescription: \"This is West Futsal Park 2\",\n\t\tpitches: [],\n\t\tpitchSizes: [\"5v5\", \"7v7\"],\n\t\tfacilities: [\"parking\"],\n\t\tregion: \"West\",\n\t\towner: \"westOwner\" });\n\tFutsalParks.insert({ //_id:\"10\",\n\t\tname: \"West Futsal Park 3\",\n\t\tdescription: \"This is West Futsal Park 3\",\n\t\tpitches: [],\n\t\tpitchSizes: [\"5v5\", \"6v6\", \"7v7\"],\n\t\tfacilities: [\"shower\"],\n\t\tregion: \"West\",\n\t\towner: \"westOwner\" });\n}","ast":null,"map":{"version":3,"sources":["/server/boostrap-data_v2.js"],"names":["Regions","FutsalParks","find","count","create_Regions","create_FutsalParks","insert","country","regionName","name","description","pitches","size","hourlyPriceByDay","day","price","promoPricebyDate","games","time","pitchSizes","facilities","region","owner"],"mappings":"AAAA,SAASA,OAAT,QAAwB,oCAAxB;AACA,SAASC,WAAT,QAA4B,oCAA5B;;AAEA,IAAID,QAAQE,IAAR,GAAeC,KAAf,KAAyB,CAA7B,EAA+B;AAC9BC;AACAC;AACA;;AAED;;AAEA,SAASD,cAAT,GAAyB;AACxBJ,SAAQM,MAAR,CAAe,EAACC,SAAS,WAAV,EAAuBC,YAAY,OAAnC,EAAf;AACAR,SAAQM,MAAR,CAAe,EAACC,SAAS,WAAV,EAAuBC,YAAY,SAAnC,EAAf;AACAR,SAAQM,MAAR,CAAe,EAACC,SAAS,WAAV,EAAuBC,YAAY,MAAnC,EAAf;AACAR,SAAQM,MAAR,CAAe,EAACC,SAAS,WAAV,EAAuBC,YAAY,MAAnC,EAAf;AACA;;AAED,SAASH,kBAAT,GAA6B;AAC5BJ,aAAYK,MAAZ,CAAmB,EAAC;AACJG,QAAM,qBADH;AAEHC,eAAa,6BAFV;AAGHC,WAAS,CAAC;AACTF,SAAM,eADG;AAETC,gBAAa,6BAFJ;AAGrBE,SAAM,KAHe;AAIrBC,qBAAkB,CAAC;AAClBC,SAAK,QADa;AAElBC,WAAO;AAFW,IAAD,EAIlB;AACCD,SAAK,SADN;AAECC,WAAO;AAFR,IAJkB,EAQlB;AACCD,SAAK,SADN;AAECC,WAAO;AAFR,IARkB,EAYlB;AACCD,SAAK,SADN;AAECC,WAAO;AAFR,IAZkB,EAgBlB;AACCD,SAAK,SADN;AAECC,WAAO;AAFR,IAhBkB,EAoBlB;AACCD,SAAK,SADN;AAECC,WAAO;AAFR,IApBkB,CAJG;AA4BrBC,qBAAkB,EA5BG;AA6BrBC,UAAM,CAAC;AACLH,SAAK,QADA;AAELI,UAAM,IAFD;AAGLH,WAAO;AAHF,IAAD,EAKL;AACCD,SAAK,QADN;AAECI,UAAM,IAFP;AAGCH,WAAO;AAHR,IALK;AA7Be,GAAD,EAyCT;AACCN,SAAM,eADP;AAECC,gBAAa,6BAFd;AAGXE,SAAM,KAHK;AAIXC,qBAAkB,CAAC;AAClBC,SAAK,QADa;AAElBC,WAAO;AAFW,IAAD,EAIlB;AACCD,SAAK,SADN;AAECC,WAAO;AAFR,IAJkB,EAQlB;AACCD,SAAK,SADN;AAECC,WAAO;AAFR,IARkB,EAYlB;AACCD,SAAK,SADN;AAECC,WAAO;AAFR,IAZkB,EAgBlB;AACCD,SAAK,SADN;AAECC,WAAO;AAFR,IAhBkB,EAoBlB;AACCD,SAAK,SADN;AAECC,WAAO;AAFR,IApBkB,CAJP;AA4BXC,qBAAkB,EA5BP;AA6BXC,UAAM,CAAC,EAAD;AA7BK,GAzCS,CAHN;AA+EHE,cAAY,CAAC,KAAD,EAAO,KAAP,CA/ET;AAgFHC,cAAY,CAAC,QAAD,EAAU,SAAV,CAhFT;AAiFHC,UAAQ,OAjFL;AAkFHC,SAAO,YAlFJ,EAAnB;AAmFArB,aAAYK,MAAZ,CAAmB,EAAC;AACJG,QAAM,qBADH;AAEHC,eAAa,6BAFV;AAGHC,WAAS,EAHN;AAIHQ,cAAY,CAAC,KAAD,CAJT;AAKHC,cAAY,CAAC,QAAD,CALT;AAMHC,UAAQ,OANL;AAOHC,SAAO,YAPJ,EAAnB;AAQArB,aAAYK,MAAZ,CAAmB,EAAC;AACJG,QAAM,qBADH;AAEHC,eAAa,6BAFV;AAGHC,WAAS,EAHN;AAIHQ,cAAY,CAAC,KAAD,CAJT;AAKHC,cAAY,CAAC,SAAD,CALT;AAMHC,UAAQ,OANL;AAOHC,SAAO,YAPJ,EAAnB;AAQArB,aAAYK,MAAZ,CAAmB,EAAC;AACJG,QAAM,qBADH;AAEHC,eAAa,6BAFV;AAGHC,WAAS,EAHN;AAIHQ,cAAY,CAAC,KAAD,EAAO,KAAP,CAJT;AAKHC,cAAY,CAAC,QAAD,EAAU,SAAV,CALT;AAMHC,UAAQ,OANL;AAOHC,SAAO,YAPJ,EAAnB;;AASA;AACArB,aAAYK,MAAZ,CAAmB,EAAC;AACJG,QAAM,uBADH;AAEHC,eAAa,+BAFV;AAGHC,WAAS,EAHN;AAIHQ,cAAY,CAAC,KAAD,CAJT;AAKHC,cAAY,CAAC,QAAD,EAAU,SAAV,CALT;AAMHC,UAAQ,SANL;AAOHC,SAAO,cAPJ,EAAnB;AAQArB,aAAYK,MAAZ,CAAmB,EAAC;AACJG,QAAM,uBADH;AAEHC,eAAa,+BAFV;AAGHC,WAAS,EAHN;AAIHQ,cAAY,CAAC,KAAD,EAAO,KAAP,CAJT;AAKHC,cAAY,CAAC,QAAD,EAAU,SAAV,CALT;AAMHC,UAAQ,SANL;AAOHC,SAAO,cAPJ,EAAnB;;AASA;AACArB,aAAYK,MAAZ,CAAmB,EAAC;AACJG,QAAM,oBADH;AAEHC,eAAa,4BAFV;AAGHC,WAAS,EAHN;AAIHQ,cAAY,CAAC,KAAD,EAAO,KAAP,EAAc,KAAd,CAJT;AAKHC,cAAY,CAAC,QAAD,EAAU,SAAV,CALT;AAMHC,UAAQ,MANL;AAOHC,SAAO,WAPJ,EAAnB;AAQArB,aAAYK,MAAZ,CAAmB,EAAC;AACJG,QAAM,oBADH;AAEHC,eAAa,4BAFV;AAGHC,WAAS,EAHN;AAIHQ,cAAY,CAAC,KAAD,EAAQ,KAAR,CAJT;AAKHC,cAAY,CAAC,QAAD,EAAU,SAAV,CALT;AAMHC,UAAQ,MANL;AAOHC,SAAO,WAPJ,EAAnB;;AASA;AACArB,aAAYK,MAAZ,CAAmB,EAAC;AACJG,QAAM,oBADH;AAEHC,eAAa,4BAFV;AAGHC,WAAS,EAHN;AAIHQ,cAAY,CAAC,KAAD,EAAO,KAAP,CAJT;AAKHC,cAAY,CAAC,SAAD,CALT;AAMHC,UAAQ,MANL;AAOHC,SAAO,WAPJ,EAAnB;AAQArB,aAAYK,MAAZ,CAAmB,EAAC;AACJG,QAAM,oBADH;AAEHC,eAAa,4BAFV;AAGHC,WAAS,EAHN;AAIHQ,cAAY,CAAC,KAAD,EAAO,KAAP,EAAc,KAAd,CAJT;AAKHC,cAAY,CAAC,QAAD,CALT;AAMHC,UAAQ,MANL;AAOHC,SAAO,WAPJ,EAAnB;AAQA","file":"/server/boostrap-data_v2.js.map","sourcesContent":["import { Regions } from '/imports/api/mellavin_new_mongo.js';\nimport { FutsalParks } from '/imports/api/mellavin_new_mongo.js';\n\nif (Regions.find().count() < 1){\n\tcreate_Regions();\n\tcreate_FutsalParks();\n}\n\n// create_FutsalParks();\n\nfunction create_Regions(){\n\tRegions.insert({country: \"Singapore\", regionName: \"North\"});\n\tRegions.insert({country: \"Singapore\", regionName: \"Central\"});\n\tRegions.insert({country: \"Singapore\", regionName: \"East\"});\n\tRegions.insert({country: \"Singapore\", regionName: \"West\"});\n}\n\nfunction create_FutsalParks(){\n\tFutsalParks.insert({//_id:\"1\",\n\t                name: \"North Futsal Park 1\", \n\t                description: \"This is North Futsal Park 1\", \n\t                pitches: [{\t\n\t                \tname: \"NFP1: Pitch 1\",\n\t                \tdescription: \"North Futsal Park 1 Pitch 1\",\n\t\t\t\t\t\tsize: \"5v5\",\n\t\t\t\t\t\thourlyPriceByDay: [{\t\n\t\t\t\t\t\t\tday: \"Monday\",\n\t\t\t\t\t\t\tprice: 90\n\t\t\t\t\t\t\t},\n\t\t\t\t\t\t{\n\t\t\t\t\t\t\tday: \"Tuesday\",\n\t\t\t\t\t\t\tprice: 90\n\t\t\t\t\t\t\t},\n\t\t\t\t\t\t{\n\t\t\t\t\t\t\tday: \"Tuesday\",\n\t\t\t\t\t\t\tprice: 90\n\t\t\t\t\t\t\t},\n\t\t\t\t\t\t{\n\t\t\t\t\t\t\tday: \"Tuesday\",\n\t\t\t\t\t\t\tprice: 90\n\t\t\t\t\t\t\t},\n\t\t\t\t\t\t{\n\t\t\t\t\t\t\tday: \"Tuesday\",\n\t\t\t\t\t\t\tprice: 90\n\t\t\t\t\t\t\t},\n\t\t\t\t\t\t{\n\t\t\t\t\t\t\tday: \"Tuesday\",\n\t\t\t\t\t\t\tprice: 90\n\t\t\t\t\t\t}],\n\t\t\t\t\t\tpromoPricebyDate: [],\n\t\t\t\t\t\tgames:[{\n\t\t\t\t\t\t\t\tday: \"Monday\",\n\t\t\t\t\t\t\t\ttime: 1100,\n\t\t\t\t\t\t\t\tprice: 90\n\t\t\t\t\t\t\t},\n\t\t\t\t\t\t\t{\n\t\t\t\t\t\t\t\tday: \"Monday\",\n\t\t\t\t\t\t\t\ttime: 1200,\n\t\t\t\t\t\t\t\tprice: 90\n\t\t\t\t\t\t\t}\n\t\t\t\t\t\t]\n\t                },\n\t                {\n\t                \tname: \"NFP1: Pitch 2\",\n\t                \tdescription: \"North Futsal Park 1 Pitch 2\",\n\t\t\t\t\t\tsize: \"5v5\",\n\t\t\t\t\t\thourlyPriceByDay: [{\t\n\t\t\t\t\t\t\tday: \"Monday\",\n\t\t\t\t\t\t\tprice: 90\n\t\t\t\t\t\t\t},\n\t\t\t\t\t\t{\n\t\t\t\t\t\t\tday: \"Tuesday\",\n\t\t\t\t\t\t\tprice: 90\n\t\t\t\t\t\t\t},\n\t\t\t\t\t\t{\n\t\t\t\t\t\t\tday: \"Tuesday\",\n\t\t\t\t\t\t\tprice: 90\n\t\t\t\t\t\t\t},\n\t\t\t\t\t\t{\n\t\t\t\t\t\t\tday: \"Tuesday\",\n\t\t\t\t\t\t\tprice: 90\n\t\t\t\t\t\t\t},\n\t\t\t\t\t\t{\n\t\t\t\t\t\t\tday: \"Tuesday\",\n\t\t\t\t\t\t\tprice: 90\n\t\t\t\t\t\t\t},\n\t\t\t\t\t\t{\n\t\t\t\t\t\t\tday: \"Tuesday\",\n\t\t\t\t\t\t\tprice: 90\n\t\t\t\t\t\t}],\n\t\t\t\t\t\tpromoPricebyDate: [],\n\t\t\t\t\t\tgames:[{\n\n\t\t\t\t\t\t\t}\n\t\t\t\t\t\t]\n\t                },\n\t                ],\n\t                pitchSizes: [\"5v5\",\"7v7\"],\n\t                facilities: [\"shower\",\"parking\"], \n\t                region: \"North\",\n\t                owner: \"northOwner\" });\n\tFutsalParks.insert({//_id:\"2\",\n\t                name: \"North Futsal Park 2\", \n\t                description: \"This is North Futsal Park 2\", \n\t                pitches: [],\n\t                pitchSizes: [\"7v7\"],\n\t                facilities: [\"shower\"], \n\t                region: \"North\",\n\t                owner: \"northOwner\" });\n\tFutsalParks.insert({//_id:\"3\",\n\t                name: \"North Futsal Park 3\", \n\t                description: \"This is North Futsal Park 3\", \n\t                pitches: [],\n\t                pitchSizes: [\"5v5\"],\n\t                facilities: [\"parking\"], \n\t                region: \"North\",\n\t                owner: \"northOwner\" });\n\tFutsalParks.insert({//_id:\"4\",\n\t                name: \"North Futsal Park 4\", \n\t                description: \"This is North Futsal Park 4\", \n\t                pitches: [],\n\t                pitchSizes: [\"5v5\",\"6v6\"],\n\t                facilities: [\"shower\",\"parking\"], \n\t                region: \"North\",\n\t                owner: \"northOwner\" });\n\n\t//Creating FutsalParks for Central region\n\tFutsalParks.insert({//_id:\"5\",\n\t                name: \"Central Futsal Park 1\", \n\t                description: \"This is Central Futsal Park 1\", \n\t                pitches: [],\n\t                pitchSizes: [\"7v7\"],\n\t                facilities: [\"shower\",\"parking\"],  \n\t                region: \"Central\",\n\t                owner: \"centralOwner\" });\n\tFutsalParks.insert({//_id:\"6\",\n\t                name: \"Central Futsal Park 2\", \n\t                description: \"This is Central Futsal Park 2\", \n\t                pitches: [],\n\t                pitchSizes: [\"5v5\",\"6v6\"],\n\t                facilities: [\"shower\",\"parking\"], \n\t                region: \"Central\",\n\t                owner: \"centralOwner\" });\n\n\t//Creating FutsalParks for East region\n\tFutsalParks.insert({//_id:\"7\",\n\t                name: \"East Futsal Park 1\", \n\t                description: \"This is East Futsal Park 1\", \n\t                pitches: [],\n\t                pitchSizes: [\"5v5\",\"6v6\", \"7v7\"],\n\t                facilities: [\"shower\",\"parking\"],  \n\t                region: \"East\",\n\t                owner: \"eastOwner\" });\n\tFutsalParks.insert({//_id:\"8\",\n\t                name: \"East Futsal Park 2\", \n\t                description: \"This is East Futsal Park 2\", \n\t                pitches: [],\n\t                pitchSizes: [\"6v6\", \"7v7\"],\n\t                facilities: [\"shower\",\"parking\"],  \n\t                region: \"East\",\n\t                owner: \"eastOwner\" });\n\n\t//Creating FutsalParks for West region\n\tFutsalParks.insert({//_id:\"9\",\n\t                name: \"West Futsal Park 2\", \n\t                description: \"This is West Futsal Park 2\", \n\t                pitches: [],\n\t                pitchSizes: [\"5v5\",\"7v7\"],\n\t                facilities: [\"parking\"],  \n\t                region: \"West\",\n\t                owner: \"westOwner\" });\n\tFutsalParks.insert({//_id:\"10\",\n\t                name: \"West Futsal Park 3\", \n\t                description: \"This is West Futsal Park 3\", \n\t                pitches: [],\n\t                pitchSizes: [\"5v5\",\"6v6\", \"7v7\"],\n\t                facilities: [\"shower\"],  \n\t                region: \"West\",\n\t                owner: \"westOwner\" });\n}\n\n\n\n\n\n\n\n\n\n\n\n"]},"hash":"68665af4dac509705006913100058ae051102348"}
