{"metadata":{"usedHelpers":[],"marked":[],"modules":{"imports":[{"source":"/imports/api/pitches.js","imported":["Pitches"],"specifiers":[{"kind":"named","imported":"Pitches","local":"Pitches"}]},{"source":"./amazing-time-picker.js","imported":[],"specifiers":[]},{"source":"./home.js","imported":[],"specifiers":[]},{"source":"./login.js","imported":[],"specifiers":[]},{"source":"./nav-bar.js","imported":[],"specifiers":[]},{"source":"./pitch-info.js","imported":[],"specifiers":[]},{"source":"./pitch-list.js","imported":[],"specifiers":[]},{"source":"./menuitems/payment.js","imported":[],"specifiers":[]},{"source":"./menuitems/account.js","imported":[],"specifiers":[]},{"source":"./menuitems/games.js","imported":[],"specifiers":[]}],"exports":{"exported":[],"specifiers":[]}}},"options":{"filename":"/imports/ui/mobileapp/router.js","filenameRelative":"/imports/ui/mobileapp/router.js","env":{"development":{"plugins":[]}},"retainLines":false,"highlightCode":true,"suppressDeprecationMessages":false,"presets":[],"plugins":[[[],{"polyfill":false}],[[],null],[[],null],[[],null],[[],null],[[],null],[[],null],[[],null],[[],null],[[],null],[[],null],[[],null],[[],null],[[],null],[[],null],[[],null],[[],{"loose":true}],[[],{"loose":true}],[[],null],[[],{"loose":true}],[[],null],[[],null],[[],null],[[],null],[[],null],[[],null],[[],null],[[],{"loose":true}],[[],null],[[],null],[[],null],[[],null],[[],null],[[],null],[[],null],[[],null]],"ignore":[],"code":true,"metadata":true,"ast":false,"comments":true,"compact":false,"minified":false,"sourceMap":true,"sourceMaps":true,"sourceMapTarget":"/imports/ui/mobileapp/router.js.map","sourceFileName":"/imports/ui/mobileapp/router.js","babelrc":false,"sourceType":"module","moduleIds":false,"passPerPreset":false,"parserOpts":false,"generatorOpts":false,"basename":"router"},"ignored":false,"code":"var Pitches;module.import('/imports/api/pitches.js',{\"Pitches\":function(v){Pitches=v}});module.import('./amazing-time-picker.js');module.import('./home.js');module.import('./login.js');module.import('./nav-bar.js');module.import('./pitch-info.js');module.import('./pitch-list.js');module.import('./menuitems/payment.js');module.import('./menuitems/account.js');module.import('./menuitems/games.js');\n\n\n\n\n\n\n\n\n\n\n\n\nRouter.route('/payment', {\n\ttemplate: 'payment'\n});\nRouter.route('/account', {\n\ttemplate: 'account'\n});\nRouter.route('/games', {\n\ttemplate: 'games'\n});\nRouter.route('/login', {\n\ttemplate: 'login'\n});\n\nRouter.route('/home', function () {\n\tthis.layout('navbar', {\n\t\tdata: {\n\t\t\tcurrentPath: this.params.region,\n\t\t\thome: true\n\t\t}\n\t});\n\tthis.render('home');\n});\n\nRouter.route('/pitch-list/:region', function () {\n\tthis.layout('navbar', {\n\t\tdata: {\n\t\t\tcurrentPath: this.params.region\n\t\t}\n\t});\n\tthis.render('pitchList', {\n\t\t// set data context of current URL\n\t\tdata: {\n\t\t\tthisRegion: this.params.region,\n\t\t\tpitchList: Pitches.find({ region: this.params.region })\n\t\t}\n\t});\n});\n\nRouter.route('/pitch-info/:pitchName', function () {\n\tthis.layout('navbar', {\n\t\tdata: {\n\t\t\tcurrentPath: this.params.pitchName\n\t\t}\n\t});\n\tthis.render('pitchInfo', {\n\t\tdata: function () {\n\t\t\tfunction data() {\n\t\t\t\treturn Pitches.find({ name: this.params.pitchName }).fetch()[0];\n\t\t\t}\n\n\t\t\treturn data;\n\t\t}()\n\t});\n});","ast":null,"map":{"version":3,"sources":["/imports/ui/mobileapp/router.js"],"names":["Pitches","Router","route","template","layout","data","currentPath","params","region","home","render","thisRegion","pitchList","find","pitchName","name","fetch"],"mappings":"AAAA,SAASA,OAAT,QAAwB,yBAAxB;;AAEA,OAAO,0BAAP;AACA,OAAO,WAAP;AACA,OAAO,YAAP;AACA,OAAO,cAAP;AACA,OAAO,iBAAP;AACA,OAAO,iBAAP;;AAEA,OAAO,wBAAP;AACA,OAAO,wBAAP;AACA,OAAO,sBAAP;;AAGAC,OAAOC,KAAP,CAAa,UAAb,EAAwB;AACvBC,WAAS;AADc,CAAxB;AAGAF,OAAOC,KAAP,CAAa,UAAb,EAAwB;AACvBC,WAAS;AADc,CAAxB;AAGAF,OAAOC,KAAP,CAAa,QAAb,EAAsB;AACrBC,WAAS;AADY,CAAtB;AAGAF,OAAOC,KAAP,CAAa,QAAb,EAAsB;AACrBC,WAAS;AADY,CAAtB;;AAKAF,OAAOC,KAAP,CAAa,OAAb,EAAsB,YAAU;AAC/B,MAAKE,MAAL,CAAY,QAAZ,EAAsB;AACrBC,QAAK;AACJC,gBAAa,KAAKC,MAAL,CAAYC,MADrB;AAEJC,SAAM;AAFF;AADgB,EAAtB;AAMA,MAAKC,MAAL,CAAY,MAAZ;AACA,CARD;;AAUAT,OAAOC,KAAP,CAAa,qBAAb,EAAoC,YAAW;AAC9C,MAAKE,MAAL,CAAY,QAAZ,EAAsB;AACrBC,QAAK;AACJC,gBAAa,KAAKC,MAAL,CAAYC;AADrB;AADgB,EAAtB;AAKA,MAAKE,MAAL,CAAY,WAAZ,EAAwB;AACvB;AACAL,QAAK;AACJM,eAAY,KAAKJ,MAAL,CAAYC,MADpB;AAEJI,cAAWZ,QAAQa,IAAR,CAAa,EAACL,QAAO,KAAKD,MAAL,CAAYC,MAApB,EAAb;AAFP;AAFkB,EAAxB;AAOA,CAbD;;AAeAP,OAAOC,KAAP,CAAa,wBAAb,EAAuC,YAAW;AACjD,MAAKE,MAAL,CAAY,QAAZ,EAAsB;AACrBC,QAAK;AACJC,gBAAa,KAAKC,MAAL,CAAYO;AADrB;AADgB,EAAtB;AAKA,MAAKJ,MAAL,CAAY,WAAZ,EAAwB;AACvBL;AAAM,mBAAW;AACf,WAAOL,QAAQa,IAAR,CAAa,EAACE,MAAK,KAAKR,MAAL,CAAYO,SAAlB,EAAb,EAA2CE,KAA3C,GAAmD,CAAnD,CAAP;AACA;;AAFF;AAAA;AADuB,EAAxB;AAKA,CAXD","file":"/imports/ui/mobileapp/router.js.map","sourcesContent":["import { Pitches } from '/imports/api/pitches.js';\n\nimport './amazing-time-picker.js';\nimport './home.js';\nimport './login.js';\nimport './nav-bar.js';\nimport './pitch-info.js';\nimport './pitch-list.js';\n\nimport './menuitems/payment.js';\nimport './menuitems/account.js';\nimport './menuitems/games.js';\n\n\nRouter.route('/payment',{\n\ttemplate:'payment',\n});\nRouter.route('/account',{\n\ttemplate:'account',\n});\nRouter.route('/games',{\n\ttemplate:'games',\n});\nRouter.route('/login',{\n\ttemplate:'login',\n});\n\n\nRouter.route('/home', function(){\n\tthis.layout('navbar', {\n\t\tdata:{\n\t\t\tcurrentPath: this.params.region,\n\t\t\thome: true,\n\t\t}\n\t});\n\tthis.render('home');\n});\n\nRouter.route('/pitch-list/:region', function() {\n\tthis.layout('navbar', {\n\t\tdata:{\n\t\t\tcurrentPath: this.params.region,\n\t\t}\n\t});\n\tthis.render('pitchList',{\n\t\t// set data context of current URL\n\t\tdata:{\n\t\t\tthisRegion: this.params.region, \n\t\t\tpitchList: Pitches.find({region:this.params.region})\n\t\t}\n\t});\n});\n\nRouter.route('/pitch-info/:pitchName', function() {\n\tthis.layout('navbar', {\n\t\tdata:{\n\t\t\tcurrentPath: this.params.pitchName\n\t\t}\n\t});\n\tthis.render('pitchInfo',{\n\t\tdata: function() {\n\t\t  return Pitches.find({name:this.params.pitchName}).fetch()[0];\n\t  }\n\t});\n});\n\n\n\n"]},"hash":"76f5629e76594a80912bdac286ab4fc88e6d4b80"}
