{"metadata":{"usedHelpers":[],"marked":[],"modules":{"imports":[{"source":"./games.html","imported":[],"specifiers":[]}],"exports":{"exported":[],"specifiers":[]}}},"options":{"filename":"/imports/ui/mobileapp/menuitems/games.js","filenameRelative":"/imports/ui/mobileapp/menuitems/games.js","env":{"development":{"plugins":[]}},"retainLines":false,"highlightCode":true,"suppressDeprecationMessages":false,"presets":[],"plugins":[[[],{"polyfill":false}],[[],null],[[],null],[[],null],[[],null],[[],null],[[],null],[[],null],[[],null],[[],null],[[],null],[[],null],[[],null],[[],null],[[],null],[[],null],[[],{"loose":true}],[[],{"loose":true}],[[],null],[[],{"loose":true}],[[],null],[[],null],[[],null],[[],null],[[],null],[[],null],[[],null],[[],{"loose":true}],[[],null],[[],null],[[],null],[[],null],[[],null],[[],null],[[],null],[[],null]],"ignore":[],"code":true,"metadata":true,"ast":false,"comments":true,"compact":false,"minified":false,"sourceMap":true,"sourceMaps":true,"sourceMapTarget":"/imports/ui/mobileapp/menuitems/games.js.map","sourceFileName":"/imports/ui/mobileapp/menuitems/games.js","babelrc":false,"sourceType":"module","moduleIds":false,"passPerPreset":false,"parserOpts":false,"generatorOpts":false,"basename":"games"},"ignored":false,"code":"module.import(\"./games.html\");","ast":null,"map":{"version":3,"sources":["/imports/ui/mobileapp/menuitems/games.js"],"names":[],"mappings":"AAAA,OAAO,cAAP","file":"/imports/ui/mobileapp/menuitems/games.js.map","sourcesContent":["import \"./games.html\";"]},"hash":"77dd22a1b99ab49a9990a6b04f970e344b938984"}
