{"metadata":{"usedHelpers":[],"marked":[],"modules":{"imports":[{"source":"./promopage.html","imported":[],"specifiers":[]}],"exports":{"exported":[],"specifiers":[]}}},"options":{"filename":"/imports/ui/promopage/promopage.js","filenameRelative":"/imports/ui/promopage/promopage.js","env":{"development":{"plugins":[]}},"retainLines":false,"highlightCode":true,"suppressDeprecationMessages":false,"presets":[],"plugins":[[[],{"polyfill":false}],[[],null],[[],null],[[],null],[[],null],[[],null],[[],null],[[],null],[[],null],[[],null],[[],null],[[],null],[[],null],[[],null],[[],null],[[],null],[[],{"loose":true}],[[],{"loose":true}],[[],null],[[],{"loose":true}],[[],null],[[],null],[[],null],[[],null],[[],null],[[],null],[[],null],[[],{"loose":true}],[[],null],[[],null],[[],null],[[],null],[[],null],[[],null],[[],null],[[],null]],"ignore":[],"code":true,"metadata":true,"ast":false,"comments":true,"compact":false,"minified":false,"sourceMap":true,"sourceMaps":true,"sourceMapTarget":"/imports/ui/promopage/promopage.js.map","sourceFileName":"/imports/ui/promopage/promopage.js","babelrc":false,"sourceType":"module","moduleIds":false,"passPerPreset":false,"parserOpts":false,"generatorOpts":false,"basename":"promopage"},"ignored":false,"code":"module.import('./promopage.html');","ast":null,"map":{"version":3,"sources":["/imports/ui/promopage/promopage.js"],"names":[],"mappings":"AAAA,OAAO,kBAAP","file":"/imports/ui/promopage/promopage.js.map","sourcesContent":["import './promopage.html';"]},"hash":"7ff9f9d03fbe4d425af071fbf6624c51962aa0b1"}
