{"metadata":{"usedHelpers":[],"marked":[],"modules":{"imports":[{"source":"./home.html","imported":[],"specifiers":[]}],"exports":{"exported":[],"specifiers":[]}}},"options":{"filename":"/imports/ui/mobileapp/home.js","filenameRelative":"/imports/ui/mobileapp/home.js","env":{"development":{"plugins":[]}},"retainLines":false,"highlightCode":true,"suppressDeprecationMessages":false,"presets":[],"plugins":[[[],{"polyfill":false}],[[],null],[[],null],[[],null],[[],null],[[],null],[[],null],[[],null],[[],null],[[],null],[[],null],[[],null],[[],null],[[],null],[[],null],[[],null],[[],{"loose":true}],[[],{"loose":true}],[[],null],[[],{"loose":true}],[[],null],[[],null],[[],null],[[],null],[[],null],[[],null],[[],null],[[],{"loose":true}],[[],null],[[],null],[[],null],[[],null],[[],null],[[],null],[[],null],[[],null]],"ignore":[],"code":true,"metadata":true,"ast":false,"comments":true,"compact":false,"minified":false,"sourceMap":true,"sourceMaps":true,"sourceMapTarget":"/imports/ui/mobileapp/home.js.map","sourceFileName":"/imports/ui/mobileapp/home.js","babelrc":false,"sourceType":"module","moduleIds":false,"passPerPreset":false,"parserOpts":false,"generatorOpts":false,"basename":"home"},"ignored":false,"code":"module.import('./home.html');","ast":null,"map":{"version":3,"sources":["/imports/ui/mobileapp/home.js"],"names":[],"mappings":"AAAA,OAAO,aAAP","file":"/imports/ui/mobileapp/home.js.map","sourcesContent":["import './home.html';"]},"hash":"8a3a551c20184785bf2788da183e55c55ac95cfc"}
