{"metadata":{"usedHelpers":[],"marked":[],"modules":{"imports":[{"source":"./promopage.js","imported":[],"specifiers":[]}],"exports":{"exported":[],"specifiers":[]}}},"options":{"filename":"/imports/ui/promopage/router.js","filenameRelative":"/imports/ui/promopage/router.js","env":{"development":{"plugins":[]}},"retainLines":false,"highlightCode":true,"suppressDeprecationMessages":false,"presets":[],"plugins":[[[],{"polyfill":false}],[[],null],[[],null],[[],null],[[],null],[[],null],[[],null],[[],null],[[],null],[[],null],[[],null],[[],null],[[],null],[[],null],[[],null],[[],null],[[],{"loose":true}],[[],{"loose":true}],[[],null],[[],{"loose":true}],[[],null],[[],null],[[],null],[[],null],[[],null],[[],null],[[],null],[[],{"loose":true}],[[],null],[[],null],[[],null],[[],null],[[],null],[[],null],[[],null],[[],null]],"ignore":[],"code":true,"metadata":true,"ast":false,"comments":true,"compact":false,"minified":false,"sourceMap":true,"sourceMaps":true,"sourceMapTarget":"/imports/ui/promopage/router.js.map","sourceFileName":"/imports/ui/promopage/router.js","babelrc":false,"sourceType":"module","moduleIds":false,"passPerPreset":false,"parserOpts":false,"generatorOpts":false,"basename":"router"},"ignored":false,"code":"module.import('./promopage.js');\n\nRouter.route('/', {\n\ttemplate: 'promopage'\n});","ast":null,"map":{"version":3,"sources":["/imports/ui/promopage/router.js"],"names":["Router","route","template"],"mappings":"AAAA,OAAO,gBAAP;;AAEAA,OAAOC,KAAP,CAAa,GAAb,EAAiB;AAChBC,WAAS;AADO,CAAjB","file":"/imports/ui/promopage/router.js.map","sourcesContent":["import './promopage.js';\n\nRouter.route('/',{\n\ttemplate:'promopage',\n});\n"]},"hash":"8ca143aa4641df317ae85dd9fbe5d1060305e7d6"}
