{"metadata":{"usedHelpers":[],"marked":[],"modules":{"imports":[{"source":"./pitch-info.html","imported":[],"specifiers":[]},{"source":"/imports/api/pitches.js","imported":["Transactions"],"specifiers":[{"kind":"named","imported":"Transactions","local":"Transactions"}]},{"source":"/imports/api/pitches.js","imported":["Unavailabletimes"],"specifiers":[{"kind":"named","imported":"Unavailabletimes","local":"Unavailabletimes"}]},{"source":"meteor/reactive-dict","imported":["ReactiveDict"],"specifiers":[{"kind":"named","imported":"ReactiveDict","local":"ReactiveDict"}]}],"exports":{"exported":[],"specifiers":[]}}},"options":{"filename":"/imports/ui/mobileapp/pitch-info.js","filenameRelative":"/imports/ui/mobileapp/pitch-info.js","env":{"development":{"plugins":[]}},"retainLines":false,"highlightCode":true,"suppressDeprecationMessages":false,"presets":[],"plugins":[[[],{"polyfill":false}],[[],null],[[],null],[[],null],[[],null],[[],null],[[],null],[[],null],[[],null],[[],null],[[],null],[[],null],[[],null],[[],null],[[],null],[[],null],[[],{"loose":true}],[[],{"loose":true}],[[],null],[[],{"loose":true}],[[],null],[[],null],[[],null],[[],null],[[],null],[[],null],[[],null],[[],{"loose":true}],[[],null],[[],null],[[],null],[[],null],[[],null],[[],null],[[],null],[[],null]],"ignore":[],"code":true,"metadata":true,"ast":false,"comments":true,"compact":false,"minified":false,"sourceMap":true,"sourceMaps":true,"sourceMapTarget":"/imports/ui/mobileapp/pitch-info.js.map","sourceFileName":"/imports/ui/mobileapp/pitch-info.js","babelrc":false,"sourceType":"module","moduleIds":false,"passPerPreset":false,"parserOpts":false,"generatorOpts":false,"basename":"pitch-info"},"ignored":false,"code":"module.import('./pitch-info.html');var Transactions;module.import('/imports/api/pitches.js',{\"Transactions\":function(v){Transactions=v}});var Unavailabletimes;module.import('/imports/api/pitches.js',{\"Unavailabletimes\":function(v){Unavailabletimes=v}});var ReactiveDict;module.import('meteor/reactive-dict',{\"ReactiveDict\":function(v){ReactiveDict=v}});\n\n\n\n\n\n\nvar _bookDate = 0,\n    _startTime = 0,\n    _endTime = 0;\nvar unavailable, selectedTime;\n\nTemplate.pitchInfo.onCreated(function () {\n\tthis.state = new ReactiveDict();\n});\n\nTemplate.pitchInfo.helpers({\n\tstartTime: function () {\n\t\tfunction startTime() {\n\t\t\tvar instance = Template.instance();\n\t\t\tif (instance.state.get('startTime')) {\n\t\t\t\t_startTime = instance.state.get('startTime');\n\t\t\t\treturn _startTime;\n\t\t\t}\n\t\t\treturn \"\";\n\t\t}\n\n\t\treturn startTime;\n\t}(),\n\tbookDate: function () {\n\t\tfunction bookDate() {\n\t\t\tvar instance = Template.instance();\n\t\t\tif (instance.state.get('bookDate')) {\n\t\t\t\t_bookDate = instance.state.get('bookDate');\n\t\t\t\treturn _bookDate;\n\t\t\t}\n\t\t\treturn \"\";\n\t\t}\n\n\t\treturn bookDate;\n\t}(),\n\tendTime: function () {\n\t\tfunction endTime() {\n\t\t\tvar instance = Template.instance();\n\t\t\tif (instance.state.get('endTime')) {\n\t\t\t\t_endTime = instance.state.get('endTime');\n\t\t\t\treturn _endTime;\n\t\t\t}\n\t\t\treturn \"\";\n\t\t}\n\n\t\treturn endTime;\n\t}()\n});\n\nTemplate.pitchInfo.events({\n\t'click #js-book': function () {\n\t\tfunction clickJsBook() {\n\t\t\t// Update booking Infomation start\n\t\t\tvar transStatus = Transactions.insert({\n\t\t\t\tpitch_id: this._id,\n\t\t\t\tuser_id: 'test_id',\n\t\t\t\tbookDate: _bookDate,\n\t\t\t\tstartTime: _startTime,\n\t\t\t\tendTime: _endTime,\n\t\t\t\tvalidity: true,\n\t\t\t\tbookAt: new Date()\n\t\t\t});\n\t\t\t// Update booking information end\n\n\t\t\t// Upate unava table start\n\t\t\t// 403 will occur if update by {pitch_id&bookDate}\n\t\t\t// To refine it server side call\n\t\t\tvar timeslot = Unavailabletimes.find({\n\t\t\t\tpitch_id: this._id,\n\t\t\t\tbookedDate: _bookDate,\n\t\t\t\t\"avaTimes.values.time\": parseInt(_startTime)\n\t\t\t}).fetch()[0];\n\t\t\trow = Math.floor(_startTime / 4);\n\t\t\tcol = _startTime % 4;\n\t\t\tvar setBook = {};\n\t\t\tsetBook[\"avaTimes.\" + row + \".values.\" + col + \".ava\"] = false;\n\t\t\tvar avaStatus = Unavailabletimes.update({ _id: timeslot._id }, { $set: setBook });\n\t\t\t// Update anava table ends\n\n\t\t\talert(\"Thank you for the booking, your reference number is \" + transStatus + \": reserved status: \" + avaStatus);\n\t\t}\n\n\t\treturn clickJsBook;\n\t}(),\n\t'click .time': function () {\n\t\tfunction clickTime(event, instance) {\n\t\t\t_startTime = event.target.name;\n\t\t\t_endTime = event.target.value;\n\t\t\tinstance.state.set('startTime', _startTime);\n\t\t\tinstance.state.set('endTime', _endTime);\n\t\t}\n\n\t\treturn clickTime;\n\t}(),\n\t'click #month-calendar': function () {\n\t\tfunction clickMonthCalendar(event, instance) {\n\t\t\t_bookDate = event.target.dataset.date;\n\t\t}\n\n\t\treturn clickMonthCalendar;\n\t}()\n});","ast":null,"map":{"version":3,"sources":["/imports/ui/mobileapp/pitch-info.js"],"names":["Transactions","Unavailabletimes","ReactiveDict","bookDate","startTime","endTime","unavailable","selectedTime","Template","pitchInfo","onCreated","state","helpers","instance","get","events","transStatus","insert","pitch_id","_id","user_id","validity","bookAt","Date","timeslot","find","bookedDate","parseInt","fetch","row","Math","floor","col","setBook","avaStatus","update","$set","alert","event","target","name","value","set","dataset","date"],"mappings":"AAAA,OAAO,mBAAP;;AAEA,SAASA,YAAT,QAA6B,yBAA7B;AACA,SAASC,gBAAT,QAAiC,yBAAjC;;AAEA,SAASC,YAAT,QAA6B,sBAA7B;;AAEA,IAAIC,YAAS,CAAb;AAAA,IAAgBC,aAAU,CAA1B;AAAA,IAA6BC,WAAQ,CAArC;AACA,IAAIC,WAAJ,EAAiBC,YAAjB;;AAEAC,SAASC,SAAT,CAAmBC,SAAnB,CAA6B,YAAU;AACtC,MAAKC,KAAL,GAAa,IAAIT,YAAJ,EAAb;AACA,CAFD;;AAIAM,SAASC,SAAT,CAAmBG,OAAnB,CAA2B;AAE1BR,UAF0B;AAAA,uBAEd;AACX,OAAMS,WAAYL,SAASK,QAAT,EAAlB;AACA,OAAGA,SAASF,KAAT,CAAeG,GAAf,CAAmB,WAAnB,CAAH,EAAmC;AAClCV,iBAAYS,SAASF,KAAT,CAAeG,GAAf,CAAmB,WAAnB,CAAZ;AACA,WAAOV,UAAP;AACA;AACD,UAAO,EAAP;AACA;;AATyB;AAAA;AAU1BD,SAV0B;AAAA,sBAUf;AACV,OAAMU,WAAYL,SAASK,QAAT,EAAlB;AACA,OAAGA,SAASF,KAAT,CAAeG,GAAf,CAAmB,UAAnB,CAAH,EAAkC;AACjCX,gBAAWU,SAASF,KAAT,CAAeG,GAAf,CAAmB,UAAnB,CAAX;AACA,WAAOX,SAAP;AACA;AACD,UAAO,EAAP;AACA;;AAjByB;AAAA;AAkB1BE,QAlB0B;AAAA,qBAkBhB;AACT,OAAMQ,WAAYL,SAASK,QAAT,EAAlB;AACA,OAAGA,SAASF,KAAT,CAAeG,GAAf,CAAmB,SAAnB,CAAH,EAAiC;AAChCT,eAAUQ,SAASF,KAAT,CAAeG,GAAf,CAAmB,SAAnB,CAAV;AACA,WAAOT,QAAP;AACA;AACD,UAAO,EAAP;AACA;;AAzByB;AAAA;AAAA,CAA3B;;AA4BAG,SAASC,SAAT,CAAmBM,MAAnB,CAA0B;AACzB,iBADyB;AAAA,yBACN;AAClB;AACA,OAAIC,cAAchB,aAAaiB,MAAb,CAAoB;AACrCC,cAAS,KAAKC,GADuB;AAErCC,aAAQ,SAF6B;AAGrCjB,cAASA,SAH4B;AAIrCC,eAAUA,UAJ2B;AAKrCC,aAAQA,QAL6B;AAMrCgB,cAAU,IAN2B;AAOrCC,YAAQ,IAAIC,IAAJ;AAP6B,IAApB,CAAlB;AAYA;;AAEA;AACA;AACA;AACA,OAAIC,WAAWvB,iBAAiBwB,IAAjB,CAAsB;AACpCP,cAAU,KAAKC,GADqB;AAEpCO,gBAAYvB,SAFwB;AAGpC,4BAAwBwB,SAASvB,UAAT;AAHY,IAAtB,EAIZwB,KAJY,GAIJ,CAJI,CAAf;AAKAC,SAAMC,KAAKC,KAAL,CAAW3B,aAAU,CAArB,CAAN;AACA4B,SAAM5B,aAAY,CAAlB;AACA,OAAI6B,UAAU,EAAd;AACAA,WAAQ,cAAYJ,GAAZ,GAAgB,UAAhB,GAA2BG,GAA3B,GAA+B,MAAvC,IAA+C,KAA/C;AACA,OAAIE,YAAYjC,iBAAiBkC,MAAjB,CACf,EAAChB,KAAKK,SAASL,GAAf,EADe,EAEf,EAACiB,MAAMH,OAAP,EAFe,CAAhB;AAIA;;AAEAI,SAAM,yDAAyDrB,WAAzD,GAAuE,qBAAvE,GAA+FkB,SAArG;AACA;;AApCwB;AAAA;AAqCzB,cArCyB;AAAA,qBAqCVI,KArCU,EAqCHzB,QArCG,EAqCM;AAC9BT,gBAAYkC,MAAMC,MAAN,CAAaC,IAAzB;AACAnC,cAAUiC,MAAMC,MAAN,CAAaE,KAAvB;AACA5B,YAASF,KAAT,CAAe+B,GAAf,CAAmB,WAAnB,EAA+BtC,UAA/B;AACAS,YAASF,KAAT,CAAe+B,GAAf,CAAmB,SAAnB,EAA8BrC,QAA9B;AACA;;AA1CwB;AAAA;AA2CzB,wBA3CyB;AAAA,8BA2CAiC,KA3CA,EA2COzB,QA3CP,EA2CgB;AACxCV,eAAWmC,MAAMC,MAAN,CAAaI,OAAb,CAAqBC,IAAhC;AACA;;AA7CwB;AAAA;AAAA,CAA1B","file":"/imports/ui/mobileapp/pitch-info.js.map","sourcesContent":["import './pitch-info.html';\n\nimport { Transactions } from '/imports/api/pitches.js';\nimport { Unavailabletimes } from '/imports/api/pitches.js';\n\nimport { ReactiveDict } from 'meteor/reactive-dict';\n\nvar bookDate=0, startTime=0, endTime=0;\nvar unavailable, selectedTime;\n\nTemplate.pitchInfo.onCreated(function(){\n\tthis.state = new ReactiveDict();\n});\n\nTemplate.pitchInfo.helpers({\n\n\tstartTime() {\n\t\tconst instance  = Template.instance();\n\t\tif(instance.state.get('startTime')){\n\t\t\tstartTime = instance.state.get('startTime');\n\t\t\treturn startTime;\n\t\t}\n\t\treturn \"\";\n\t},\n\tbookDate() {\n\t\tconst instance  = Template.instance();\n\t\tif(instance.state.get('bookDate')){\n\t\t\tbookDate = instance.state.get('bookDate');\n\t\t\treturn bookDate;\n\t\t}\n\t\treturn \"\";\n\t}, \n\tendTime() {\n\t\tconst instance  = Template.instance();\n\t\tif(instance.state.get('endTime')){\n\t\t\tendTime = instance.state.get('endTime');\n\t\t\treturn endTime;\n\t\t}\n\t\treturn \"\";\n\t}\n});\n\nTemplate.pitchInfo.events({\n\t'click #js-book' (){\n\t\t// Update booking Infomation start\n\t\tvar transStatus = Transactions.insert({\n\t\t\tpitch_id:this._id,\n\t\t\tuser_id:'test_id',\n\t\t\tbookDate:bookDate,\n\t\t\tstartTime:startTime,\n\t\t\tendTime:endTime,\n\t\t\tvalidity: true,\n\t\t\tbookAt: new Date(),\n\t\t\t/*originalPrice:,\n\t\t\tdiscountedPrice:,\n\t\t\tpromoCode:,*/\n\t\t});\n\t\t// Update booking information end\n\n\t\t// Upate unava table start\n\t\t// 403 will occur if update by {pitch_id&bookDate}\n\t\t// To refine it server side call\n\t\tvar timeslot = Unavailabletimes.find({\n\t\t\tpitch_id: this._id, \n\t\t\tbookedDate: bookDate, \n\t\t\t\"avaTimes.values.time\": parseInt(startTime)\n\t\t}).fetch()[0];\n\t\trow = Math.floor(startTime/4);\n\t\tcol = startTime % 4;\n\t\tvar setBook = {};\n\t\tsetBook[\"avaTimes.\"+row+\".values.\"+col+\".ava\"]=false;\n\t\tvar avaStatus = Unavailabletimes.update(\n\t\t\t{_id: timeslot._id}, \n\t\t\t{$set: setBook}\n\t\t\t);\n\t\t// Update anava table ends\n\n\t\talert(\"Thank you for the booking, your reference number is \" + transStatus + \": reserved status: \" + avaStatus);\n\t},\n\t'click .time' (event, instance){\n\t\tstartTime = event.target.name;\n\t\tendTime = event.target.value;\n\t\tinstance.state.set('startTime',startTime);\n\t\tinstance.state.set('endTime', endTime);\n\t},\n\t'click #month-calendar' (event, instance){\n\t\tbookDate = event.target.dataset.date;\n\t}\n});\n"]},"hash":"98e8a5e413c112956d57909d83b477410fb92c2b"}
