{"metadata":{"usedHelpers":[],"marked":[],"modules":{"imports":[{"source":"./payment.html","imported":[],"specifiers":[]}],"exports":{"exported":[],"specifiers":[]}}},"options":{"filename":"/imports/ui/mobileapp/menuitems/payment.js","filenameRelative":"/imports/ui/mobileapp/menuitems/payment.js","env":{"development":{"plugins":[]}},"retainLines":false,"highlightCode":true,"suppressDeprecationMessages":false,"presets":[],"plugins":[[[],{"polyfill":false}],[[],null],[[],null],[[],null],[[],null],[[],null],[[],null],[[],null],[[],null],[[],null],[[],null],[[],null],[[],null],[[],null],[[],null],[[],null],[[],{"loose":true}],[[],{"loose":true}],[[],null],[[],{"loose":true}],[[],null],[[],null],[[],null],[[],null],[[],null],[[],null],[[],null],[[],{"loose":true}],[[],null],[[],null],[[],null],[[],null],[[],null],[[],null],[[],null],[[],null]],"ignore":[],"code":true,"metadata":true,"ast":false,"comments":true,"compact":false,"minified":false,"sourceMap":true,"sourceMaps":true,"sourceMapTarget":"/imports/ui/mobileapp/menuitems/payment.js.map","sourceFileName":"/imports/ui/mobileapp/menuitems/payment.js","babelrc":false,"sourceType":"module","moduleIds":false,"passPerPreset":false,"parserOpts":false,"generatorOpts":false,"basename":"payment"},"ignored":false,"code":"module.import('./payment.html');","ast":null,"map":{"version":3,"sources":["/imports/ui/mobileapp/menuitems/payment.js"],"names":[],"mappings":"AAAA,OAAO,gBAAP","file":"/imports/ui/mobileapp/menuitems/payment.js.map","sourcesContent":["import './payment.html'"]},"hash":"9a8334db76f8066b9640a317dba68e0022670fcf"}
