{"metadata":{"usedHelpers":[],"marked":[],"modules":{"imports":[{"source":"/imports/ui/admin/admin.js","imported":[],"specifiers":[]}],"exports":{"exported":[],"specifiers":[]}}},"options":{"filename":"/imports/ui/admin/router.js","filenameRelative":"/imports/ui/admin/router.js","env":{"development":{"plugins":[]}},"retainLines":false,"highlightCode":true,"suppressDeprecationMessages":false,"presets":[],"plugins":[[[],{"polyfill":false}],[[],null],[[],null],[[],null],[[],null],[[],null],[[],null],[[],null],[[],null],[[],null],[[],null],[[],null],[[],null],[[],null],[[],null],[[],null],[[],{"loose":true}],[[],{"loose":true}],[[],null],[[],{"loose":true}],[[],null],[[],null],[[],null],[[],null],[[],null],[[],null],[[],null],[[],{"loose":true}],[[],null],[[],null],[[],null],[[],null],[[],null],[[],null],[[],null],[[],null]],"ignore":[],"code":true,"metadata":true,"ast":false,"comments":true,"compact":false,"minified":false,"sourceMap":true,"sourceMaps":true,"sourceMapTarget":"/imports/ui/admin/router.js.map","sourceFileName":"/imports/ui/admin/router.js","babelrc":false,"sourceType":"module","moduleIds":false,"passPerPreset":false,"parserOpts":false,"generatorOpts":false,"basename":"router"},"ignored":false,"code":"module.import('/imports/ui/admin/admin.js');\n\nRouter.route('/admin', function () {\n\tthis.layout('adminNavBar', {\n\t\tdata: {}\n\t});\n\tthis.render('adminOverview', {\n\t\tdata: function () {\n\t\t\tfunction data() {}\n\n\t\t\treturn data;\n\t\t}()\n\t});\n});\n\nRouter.route('/admin/bookings', function () {\n\tthis.layout('adminNavBar', {\n\t\tdata: {}\n\t});\n\tthis.render('adminBookings', {\n\t\tdata: function () {\n\t\t\tfunction data() {}\n\n\t\t\treturn data;\n\t\t}()\n\t});\n});\n\nRouter.route('/admin/crm', function () {\n\tthis.layout('adminNavBar', {\n\t\tdata: {}\n\t});\n\tthis.render('adminCRM', {\n\t\tdata: function () {\n\t\t\tfunction data() {}\n\n\t\t\treturn data;\n\t\t}()\n\t});\n});\n\nRouter.route('/admin/campaign', function () {\n\tthis.layout('adminNavBar', {\n\t\tdata: {}\n\t});\n\tthis.render('adminCampaign', {\n\t\tdata: function () {\n\t\t\tfunction data() {}\n\n\t\t\treturn data;\n\t\t}()\n\t});\n});\n\nRouter.route('/admin/reports', function () {\n\tthis.layout('adminNavBar', {\n\t\tdata: {}\n\t});\n\tthis.render('adminReports', {\n\t\tdata: function () {\n\t\t\tfunction data() {}\n\n\t\t\treturn data;\n\t\t}()\n\t});\n});\n\nRouter.route('/promosite', {\n\ttemplate: 'promosite'\n});","ast":null,"map":{"version":3,"sources":["/imports/ui/admin/router.js"],"names":["Router","route","layout","data","render","template"],"mappings":"AAAA,OAAO,4BAAP;;AAGAA,OAAOC,KAAP,CAAa,QAAb,EAAuB,YAAW;AACjC,MAAKC,MAAL,CAAY,aAAZ,EAA2B;AAC1BC,QAAK;AADqB,EAA3B;AAIA,MAAKC,MAAL,CAAY,eAAZ,EAA4B;AAC3BD;AAAM,mBAAW,CACf;;AADF;AAAA;AAD2B,EAA5B;AAIA,CATD;;AAWAH,OAAOC,KAAP,CAAa,iBAAb,EAAgC,YAAW;AAC1C,MAAKC,MAAL,CAAY,aAAZ,EAA2B;AAC1BC,QAAK;AADqB,EAA3B;AAIA,MAAKC,MAAL,CAAY,eAAZ,EAA4B;AAC3BD;AAAM,mBAAW,CACf;;AADF;AAAA;AAD2B,EAA5B;AAIA,CATD;;AAWAH,OAAOC,KAAP,CAAa,YAAb,EAA2B,YAAW;AACrC,MAAKC,MAAL,CAAY,aAAZ,EAA2B;AAC1BC,QAAK;AADqB,EAA3B;AAIA,MAAKC,MAAL,CAAY,UAAZ,EAAuB;AACtBD;AAAM,mBAAW,CACf;;AADF;AAAA;AADsB,EAAvB;AAIA,CATD;;AAWAH,OAAOC,KAAP,CAAa,iBAAb,EAAgC,YAAW;AAC1C,MAAKC,MAAL,CAAY,aAAZ,EAA2B;AAC1BC,QAAK;AADqB,EAA3B;AAIA,MAAKC,MAAL,CAAY,eAAZ,EAA4B;AAC3BD;AAAM,mBAAW,CACf;;AADF;AAAA;AAD2B,EAA5B;AAIA,CATD;;AAWAH,OAAOC,KAAP,CAAa,gBAAb,EAA+B,YAAW;AACzC,MAAKC,MAAL,CAAY,aAAZ,EAA2B;AAC1BC,QAAK;AADqB,EAA3B;AAIA,MAAKC,MAAL,CAAY,cAAZ,EAA2B;AAC1BD;AAAM,mBAAW,CACf;;AADF;AAAA;AAD0B,EAA3B;AAIA,CATD;;AAYAH,OAAOC,KAAP,CAAa,YAAb,EAA0B;AACzBI,WAAS;AADgB,CAA1B","file":"/imports/ui/admin/router.js.map","sourcesContent":["import '/imports/ui/admin/admin.js'\n\n\nRouter.route('/admin', function() {\n\tthis.layout('adminNavBar', {\n\t\tdata:{\n\t\t}\n\t});\n\tthis.render('adminOverview',{\n\t\tdata: function() {\n\t  }\n\t});\n});\n\nRouter.route('/admin/bookings', function() {\n\tthis.layout('adminNavBar', {\n\t\tdata:{\n\t\t}\n\t});\n\tthis.render('adminBookings',{\n\t\tdata: function() {\n\t  }\n\t});\n});\n\nRouter.route('/admin/crm', function() {\n\tthis.layout('adminNavBar', {\n\t\tdata:{\n\t\t}\n\t});\n\tthis.render('adminCRM',{\n\t\tdata: function() {\n\t  }\n\t});\n});\n\nRouter.route('/admin/campaign', function() {\n\tthis.layout('adminNavBar', {\n\t\tdata:{\n\t\t}\n\t});\n\tthis.render('adminCampaign',{\n\t\tdata: function() {\n\t  }\n\t});\n});\n\nRouter.route('/admin/reports', function() {\n\tthis.layout('adminNavBar', {\n\t\tdata:{\n\t\t}\n\t});\n\tthis.render('adminReports',{\n\t\tdata: function() {\n\t  }\n\t});\n});\n\n\nRouter.route('/promosite',{\n\ttemplate:'promosite',\n});\n\n\n\n"]},"hash":"9af691fe2dba722919820cb04fd52490e0570c30"}
