{"metadata":{"usedHelpers":[],"marked":[],"modules":{"imports":[{"source":"./account.html","imported":[],"specifiers":[]}],"exports":{"exported":[],"specifiers":[]}}},"options":{"filename":"/imports/ui/mobileapp/menuitems/account.js","filenameRelative":"/imports/ui/mobileapp/menuitems/account.js","env":{"development":{"plugins":[]}},"retainLines":false,"highlightCode":true,"suppressDeprecationMessages":false,"presets":[],"plugins":[[[],{"polyfill":false}],[[],null],[[],null],[[],null],[[],null],[[],null],[[],null],[[],null],[[],null],[[],null],[[],null],[[],null],[[],null],[[],null],[[],null],[[],null],[[],{"loose":true}],[[],{"loose":true}],[[],null],[[],{"loose":true}],[[],null],[[],null],[[],null],[[],null],[[],null],[[],null],[[],null],[[],{"loose":true}],[[],null],[[],null],[[],null],[[],null],[[],null],[[],null],[[],null],[[],null]],"ignore":[],"code":true,"metadata":true,"ast":false,"comments":true,"compact":false,"minified":false,"sourceMap":true,"sourceMaps":true,"sourceMapTarget":"/imports/ui/mobileapp/menuitems/account.js.map","sourceFileName":"/imports/ui/mobileapp/menuitems/account.js","babelrc":false,"sourceType":"module","moduleIds":false,"passPerPreset":false,"parserOpts":false,"generatorOpts":false,"basename":"account"},"ignored":false,"code":"module.import('./account.html');","ast":null,"map":{"version":3,"sources":["/imports/ui/mobileapp/menuitems/account.js"],"names":[],"mappings":"AAAA,OAAO,gBAAP","file":"/imports/ui/mobileapp/menuitems/account.js.map","sourcesContent":["import './account.html'"]},"hash":"a1ce3b8f947a658326434acf095e110b686af986"}
