{"metadata":{"usedHelpers":[],"marked":[],"modules":{"imports":[{"source":"./amazing-time-picker.html","imported":[],"specifiers":[]},{"source":"/imports/api/pitches.js","imported":["Unavailabletimes"],"specifiers":[{"kind":"named","imported":"Unavailabletimes","local":"Unavailabletimes"}]}],"exports":{"exported":[],"specifiers":[]}}},"options":{"filename":"/imports/ui/mobileapp/amazing-time-picker.js","filenameRelative":"/imports/ui/mobileapp/amazing-time-picker.js","env":{"development":{"plugins":[]}},"retainLines":false,"highlightCode":true,"suppressDeprecationMessages":false,"presets":[],"plugins":[[[],{"polyfill":false}],[[],null],[[],null],[[],null],[[],null],[[],null],[[],null],[[],null],[[],null],[[],null],[[],null],[[],null],[[],null],[[],null],[[],null],[[],null],[[],{"loose":true}],[[],{"loose":true}],[[],null],[[],{"loose":true}],[[],null],[[],null],[[],null],[[],null],[[],null],[[],null],[[],null],[[],{"loose":true}],[[],null],[[],null],[[],null],[[],null],[[],null],[[],null],[[],null],[[],null]],"ignore":[],"code":true,"metadata":true,"ast":false,"comments":true,"compact":false,"minified":false,"sourceMap":true,"sourceMaps":true,"sourceMapTarget":"/imports/ui/mobileapp/amazing-time-picker.js.map","sourceFileName":"/imports/ui/mobileapp/amazing-time-picker.js","babelrc":false,"sourceType":"module","moduleIds":false,"passPerPreset":false,"parserOpts":false,"generatorOpts":false,"basename":"amazing-time-picker"},"ignored":false,"code":"module.import('./amazing-time-picker.html');var Unavailabletimes;module.import('/imports/api/pitches.js',{\"Unavailabletimes\":function(v){Unavailabletimes=v}});\n\n\n\nTemplate.amazingTimePicker.onCreated(function () {\n\tthis.state = new ReactiveDict();\n});\n\nTemplate.amazingTimePicker.helpers({\n\ttimeSlot: function () {\n\t\tfunction timeSlot(dateSelected) {\n\t\t\tif (Unavailabletimes.find({ pitch_id: this._id, bookedDate: dateSelected }).count() == 0) {\n\t\t\t\tconstructData(this._id, dateSelected);\n\t\t\t}\n\t\t\treturn Unavailabletimes.find({ pitch_id: this._id, bookedDate: dateSelected }).fetch()[0];\n\t\t}\n\n\t\treturn timeSlot;\n\t}(),\n\tendTime: function () {\n\t\tfunction endTime(startTime) {\n\t\t\treturn parseInt(startTime) + 1;\n\t\t}\n\n\t\treturn endTime;\n\t}(),\n\tisDisabled: function () {\n\t\tfunction isDisabled(ava) {\n\t\t\treturn !ava && \"disabled\";\n\t\t}\n\n\t\treturn isDisabled;\n\t}(),\n\tshowDate: function () {\n\t\tfunction showDate() {\n\t\t\tvar instance = Template.instance();\n\t\t\tif (instance.state.get('selected')) {\n\t\t\t\treturn instance.state.get('selected');\n\t\t\t}\n\t\t\treturn;\n\t\t}\n\n\t\treturn showDate;\n\t}()\n});\n\nTemplate.amazingTimePicker.events({\n\t'click #month-calendar': function () {\n\t\tfunction clickMonthCalendar(event, instance) {\n\t\t\tinstance.state.set('selected', selectedDate);\n\t\t}\n\n\t\treturn clickMonthCalendar;\n\t}()\n});\n\nTemplate.amazingTimePicker.onRendered(function () {\n\tvar monthCalendar = $('#month-calendar').fullCalendar({\n\t\theader: false,\n\t\tfirstDay: 1,\n\t\taspectRatio: 2,\n\t\tdayRender: function () {\n\t\t\tfunction dayRender(date, cell) {\n\t\t\t\t/*if (date < minDate){\n              $(cell).addClass('fc-other-month');\n          }*/\n\t\t\t}\n\n\t\t\treturn dayRender;\n\t\t}(),\n\t\tdayClick: function () {\n\t\t\tfunction dayClick(date) {\n\t\t\t\t$('[style=\"background-color: red;\"]').css('background-color', '');\n\t\t\t\t$(this).css('background-color', 'red');\n\t\t\t\t$(this).addClass(\"selected\");\n\t\t\t\tselectedDate = date.format();\n\t\t\t}\n\n\t\t\treturn dayClick;\n\t\t}()\n\t});\n});\n\nfunction constructData(pitch_id, bookedDate) {\n\tvar data = {};\n\tdata[\"pitch_id\"] = pitch_id;\n\tdata[\"bookedDate\"] = bookedDate;\n\tdata[\"avaTimes\"] = [{ \"values\": [{ \"time\": 0, \"ava\": true }, { \"time\": 1, \"ava\": true }, { \"time\": 2, \"ava\": true }, { \"time\": 3, \"ava\": true }] }, { \"values\": [{ \"time\": 4, \"ava\": true }, { \"time\": 5, \"ava\": true }, { \"time\": 6, \"ava\": true }, { \"time\": 7, \"ava\": true }] }, { \"values\": [{ \"time\": 8, \"ava\": true }, { \"time\": 9, \"ava\": true }, { \"time\": 10, \"ava\": true }, { \"time\": 11, \"ava\": true }] }, { \"values\": [{ \"time\": 12, \"ava\": true }, { \"time\": 15, \"ava\": true }, { \"time\": 14, \"ava\": true }, { \"time\": 17, \"ava\": true }] }, { \"values\": [{ \"time\": 16, \"ava\": true }, { \"time\": 17, \"ava\": true }, { \"time\": 18, \"ava\": true }, { \"time\": 19, \"ava\": true }] }, { \"values\": [{ \"time\": 20, \"ava\": true }, { \"time\": 21, \"ava\": true }, { \"time\": 22, \"ava\": true }, { \"time\": 23, \"ava\": true }] }];\n\tconsole.log(data);\n\tvar status = Unavailabletimes.insert(data);\n\tconsole.log(\"Inserted: \" + status);\n}","ast":null,"map":{"version":3,"sources":["/imports/ui/mobileapp/amazing-time-picker.js"],"names":["Unavailabletimes","Template","amazingTimePicker","onCreated","state","ReactiveDict","helpers","timeSlot","dateSelected","find","pitch_id","_id","bookedDate","count","constructData","fetch","endTime","startTime","parseInt","isDisabled","ava","showDate","instance","get","events","event","set","selectedDate","onRendered","monthCalendar","$","fullCalendar","header","firstDay","aspectRatio","dayRender","date","cell","dayClick","css","addClass","format","data","console","log","status","insert"],"mappings":"AAAA,OAAO,4BAAP;;AAEA,SAASA,gBAAT,QAAiC,yBAAjC;;AAEAC,SAASC,iBAAT,CAA2BC,SAA3B,CAAqC,YAAU;AAC9C,MAAKC,KAAL,GAAa,IAAIC,YAAJ,EAAb;AACA,CAFD;;AAIAJ,SAASC,iBAAT,CAA2BI,OAA3B,CAAmC;AAClCC,SADkC;AAAA,oBACzBC,YADyB,EACZ;AACrB,OAAGR,iBAAiBS,IAAjB,CAAsB,EAACC,UAAS,KAAKC,GAAf,EAAmBC,YAAYJ,YAA/B,EAAtB,EAAoEK,KAApE,MAA6E,CAAhF,EAAkF;AACjFC,kBAAc,KAAKH,GAAnB,EAAuBH,YAAvB;AACA;AACD,UAAOR,iBAAiBS,IAAjB,CAAsB,EAACC,UAAS,KAAKC,GAAf,EAAmBC,YAAYJ,YAA/B,EAAtB,EAAoEO,KAApE,GAA4E,CAA5E,CAAP;AACA;;AANiC;AAAA;AAOlCC,QAPkC;AAAA,mBAO1BC,SAP0B,EAOhB;AACjB,UAAOC,SAASD,SAAT,IAAoB,CAA3B;AACA;;AATiC;AAAA;AAUlCE,WAVkC;AAAA,sBAUvBC,GAVuB,EAUnB;AACd,UAAO,CAACA,GAAD,IAAM,UAAb;AACA;;AAZiC;AAAA;AAalCC,SAbkC;AAAA,sBAaxB;AACT,OAAMC,WAAYrB,SAASqB,QAAT,EAAlB;AACA,OAAGA,SAASlB,KAAT,CAAemB,GAAf,CAAmB,UAAnB,CAAH,EAAkC;AACjC,WAAOD,SAASlB,KAAT,CAAemB,GAAf,CAAmB,UAAnB,CAAP;AACA;AACD;AACA;;AAnBiC;AAAA;AAAA,CAAnC;;AAsBAtB,SAASC,iBAAT,CAA2BsB,MAA3B,CAAkC;AACjC,wBADiC;AAAA,8BACRC,KADQ,EACDH,QADC,EACQ;AACxCA,YAASlB,KAAT,CAAesB,GAAf,CAAmB,UAAnB,EAA+BC,YAA/B;AACA;;AAHgC;AAAA;AAAA,CAAlC;;AAMA1B,SAASC,iBAAT,CAA2B0B,UAA3B,CAAsC,YAAW;AAChD,KAAIC,gBAAgBC,EAAE,iBAAF,EAAqBC,YAArB,CAAkC;AACrDC,UAAQ,KAD6C;AAErDC,YAAU,CAF2C;AAGrDC,eAAa,CAHwC;AAIrDC;AAAW,sBAASC,IAAT,EAAeC,IAAf,EAAoB;AAC9B;;;AAGG;;AAJJ;AAAA,KAJqD;AASrDC;AAAU,qBAASF,IAAT,EAAc;AACvBN,MAAE,kCAAF,EAAsCS,GAAtC,CAA0C,kBAA1C,EAA6D,EAA7D;AACGT,MAAE,IAAF,EAAQS,GAAR,CAAY,kBAAZ,EAAgC,KAAhC;AACAT,MAAE,IAAF,EAAQU,QAAR,CAAiB,UAAjB;AACAb,mBAAeS,KAAKK,MAAL,EAAf;AACH;;AALD;AAAA;AATqD,EAAlC,CAApB;AAgBA,CAjBD;;AAmBA,SAAS3B,aAAT,CAAuBJ,QAAvB,EAAiCE,UAAjC,EAA4C;AAC3C,KAAI8B,OAAO,EAAX;AACAA,MAAK,UAAL,IAAmBhC,QAAnB;AACAgC,MAAK,YAAL,IAAqB9B,UAArB;AACA8B,MAAK,UAAL,IAAmB,CAAC,EAAC,UAAS,CAAC,EAAC,QAAO,CAAR,EAAU,OAAM,IAAhB,EAAD,EAAuB,EAAC,QAAO,CAAR,EAAU,OAAM,IAAhB,EAAvB,EAA6C,EAAC,QAAO,CAAR,EAAU,OAAM,IAAhB,EAA7C,EAAmE,EAAC,QAAO,CAAR,EAAU,OAAM,IAAhB,EAAnE,CAAV,EAAD,EAAsG,EAAC,UAAS,CAAC,EAAC,QAAO,CAAR,EAAU,OAAM,IAAhB,EAAD,EAAuB,EAAC,QAAO,CAAR,EAAU,OAAM,IAAhB,EAAvB,EAA6C,EAAC,QAAO,CAAR,EAAU,OAAM,IAAhB,EAA7C,EAAmE,EAAC,QAAO,CAAR,EAAU,OAAM,IAAhB,EAAnE,CAAV,EAAtG,EAA2M,EAAC,UAAS,CAAC,EAAC,QAAO,CAAR,EAAU,OAAM,IAAhB,EAAD,EAAuB,EAAC,QAAO,CAAR,EAAU,OAAM,IAAhB,EAAvB,EAA6C,EAAC,QAAO,EAAR,EAAW,OAAM,IAAjB,EAA7C,EAAoE,EAAC,QAAO,EAAR,EAAW,OAAM,IAAjB,EAApE,CAAV,EAA3M,EAAkT,EAAC,UAAS,CAAC,EAAC,QAAO,EAAR,EAAW,OAAM,IAAjB,EAAD,EAAwB,EAAC,QAAO,EAAR,EAAW,OAAM,IAAjB,EAAxB,EAA+C,EAAC,QAAO,EAAR,EAAW,OAAM,IAAjB,EAA/C,EAAsE,EAAC,QAAO,EAAR,EAAW,OAAM,IAAjB,EAAtE,CAAV,EAAlT,EAA2Z,EAAC,UAAS,CAAC,EAAC,QAAO,EAAR,EAAW,OAAM,IAAjB,EAAD,EAAwB,EAAC,QAAO,EAAR,EAAW,OAAM,IAAjB,EAAxB,EAA+C,EAAC,QAAO,EAAR,EAAW,OAAM,IAAjB,EAA/C,EAAsE,EAAC,QAAO,EAAR,EAAW,OAAM,IAAjB,EAAtE,CAAV,EAA3Z,EAAogB,EAAC,UAAS,CAAC,EAAC,QAAO,EAAR,EAAW,OAAM,IAAjB,EAAD,EAAwB,EAAC,QAAO,EAAR,EAAW,OAAM,IAAjB,EAAxB,EAA+C,EAAC,QAAO,EAAR,EAAW,OAAM,IAAjB,EAA/C,EAAsE,EAAC,QAAO,EAAR,EAAW,OAAM,IAAjB,EAAtE,CAAV,EAApgB,CAAnB;AACAC,SAAQC,GAAR,CAAYF,IAAZ;AACA,KAAIG,SAAS7C,iBAAiB8C,MAAjB,CAAwBJ,IAAxB,CAAb;AACAC,SAAQC,GAAR,CAAY,eAAeC,MAA3B;AACA","file":"/imports/ui/mobileapp/amazing-time-picker.js.map","sourcesContent":["import './amazing-time-picker.html';\n\nimport { Unavailabletimes } from '/imports/api/pitches.js';\n\nTemplate.amazingTimePicker.onCreated(function(){\n\tthis.state = new ReactiveDict();\n});\n\nTemplate.amazingTimePicker.helpers({\n\ttimeSlot(dateSelected){\n\t\tif(Unavailabletimes.find({pitch_id:this._id,bookedDate: dateSelected}).count()==0){\n\t\t\tconstructData(this._id,dateSelected);\n\t\t}\n\t\treturn Unavailabletimes.find({pitch_id:this._id,bookedDate: dateSelected}).fetch()[0];\n\t}, \n\tendTime(startTime){\n\t\treturn parseInt(startTime)+1;\n\t},\n\tisDisabled(ava){\n\t\treturn !ava&&\"disabled\";\n\t},\n\tshowDate(){\n\t\tconst instance  = Template.instance();\n\t\tif(instance.state.get('selected')){\n\t\t\treturn instance.state.get('selected');\n\t\t}\n\t\treturn ;\n\t}\n});\n\nTemplate.amazingTimePicker.events({\n\t'click #month-calendar' (event, instance){\n\t\tinstance.state.set('selected', selectedDate);\n\t}\n});\n\nTemplate.amazingTimePicker.onRendered(function() {\n\tvar monthCalendar = $('#month-calendar').fullCalendar({\n\t\theader: false,\n\t\tfirstDay: 1,\n\t\taspectRatio: 2,\n\t\tdayRender: function(date, cell){\n\t\t\t/*if (date < minDate){\n\t            $(cell).addClass('fc-other-month');\n\t        }*/\n\t    },\n\t\tdayClick: function(date){\n\t\t\t$('[style=\"background-color: red;\"]').css('background-color','');\n\t    \t$(this).css('background-color', 'red');\n\t    \t$(this).addClass(\"selected\");\n\t    \tselectedDate = date.format();\n\t\t}\n\t});\n});\n\nfunction constructData(pitch_id, bookedDate){\n\tvar data = {};\n\tdata[\"pitch_id\"] = pitch_id;\n\tdata[\"bookedDate\"] = bookedDate;\n\tdata[\"avaTimes\"] = [{\"values\":[{\"time\":0,\"ava\":true},{\"time\":1,\"ava\":true},{\"time\":2,\"ava\":true},{\"time\":3,\"ava\":true}]},{\"values\":[{\"time\":4,\"ava\":true},{\"time\":5,\"ava\":true},{\"time\":6,\"ava\":true},{\"time\":7,\"ava\":true}]},{\"values\":[{\"time\":8,\"ava\":true},{\"time\":9,\"ava\":true},{\"time\":10,\"ava\":true},{\"time\":11,\"ava\":true}]},{\"values\":[{\"time\":12,\"ava\":true},{\"time\":15,\"ava\":true},{\"time\":14,\"ava\":true},{\"time\":17,\"ava\":true}]},{\"values\":[{\"time\":16,\"ava\":true},{\"time\":17,\"ava\":true},{\"time\":18,\"ava\":true},{\"time\":19,\"ava\":true}]},{\"values\":[{\"time\":20,\"ava\":true},{\"time\":21,\"ava\":true},{\"time\":22,\"ava\":true},{\"time\":23,\"ava\":true}]}];\n\tconsole.log(data);\n\tvar status = Unavailabletimes.insert(data);\n\tconsole.log(\"Inserted: \" + status);\n}\n"]},"hash":"ae33f3ce907928bef2c5b6e4f27fa7d331fc912d"}
