{"metadata":{"usedHelpers":[],"marked":[],"modules":{"imports":[{"source":"meteor/mongo","imported":["Mongo"],"specifiers":[{"kind":"named","imported":"Mongo","local":"Mongo"}]}],"exports":{"exported":["Pitches","Transactions","Unavailabletimes","Users"],"specifiers":[{"kind":"local","local":"Pitches","exported":"Pitches"},{"kind":"local","local":"Transactions","exported":"Transactions"},{"kind":"local","local":"Unavailabletimes","exported":"Unavailabletimes"},{"kind":"local","local":"Users","exported":"Users"}]}}},"options":{"filename":"/imports/api/pitches.js","filenameRelative":"/imports/api/pitches.js","env":{"development":{"plugins":[]}},"retainLines":false,"highlightCode":true,"suppressDeprecationMessages":false,"presets":[],"plugins":[[[],{"polyfill":false}],[[],null],[[],null],[[],null],[[],null],[[],null],[[],null],[[],null],[[],null],[[],null],[[],null],[[],null],[[],null],[[],null],[[],null],[[],null],[[],{"loose":true}],[[],{"loose":true}],[[],null],[[],{"loose":true}],[[],null],[[],null],[[],null],[[],null],[[],null],[[],null],[[],null],[[],{"loose":true}],[[],null],[[],null],[[],null],[[],null],[[],null],[[],null],[[],null],[[],null]],"ignore":[],"code":true,"metadata":true,"ast":false,"comments":true,"compact":false,"minified":false,"sourceMap":true,"sourceMaps":true,"sourceMapTarget":"/imports/api/pitches.js.map","sourceFileName":"/imports/api/pitches.js","babelrc":false,"sourceType":"module","moduleIds":false,"passPerPreset":false,"parserOpts":false,"generatorOpts":false,"basename":"pitches"},"ignored":false,"code":"module.export({Pitches:function(){return Pitches},Transactions:function(){return Transactions},Unavailabletimes:function(){return Unavailabletimes},Users:function(){return Users}});var Mongo;module.import('meteor/mongo',{\"Mongo\":function(v){Mongo=v}});\n\nvar Pitches = new Mongo.Collection('pitches');\n\nvar Transactions = new Mongo.Collection('transactions');\n\nvar Unavailabletimes = new Mongo.Collection('tunavails');\n\nvar Users = new Mongo.Collection('loginUsers');","ast":null,"map":{"version":3,"sources":["/imports/api/pitches.js"],"names":["Mongo","Pitches","Collection","Transactions","Unavailabletimes","Users"],"mappings":"AAAA,SAASA,KAAT,QAAsB,cAAtB;;AAEA,OAAO,IAAMC,UAAU,IAAID,MAAME,UAAV,CAAqB,SAArB,CAAhB;;AAEP,OAAO,IAAMC,eAAe,IAAIH,MAAME,UAAV,CAAqB,cAArB,CAArB;;AAEP,OAAO,IAAME,mBAAmB,IAAIJ,MAAME,UAAV,CAAqB,WAArB,CAAzB;;AAEP,OAAO,IAAMG,QAAQ,IAAIL,MAAME,UAAV,CAAqB,YAArB,CAAd","file":"/imports/api/pitches.js.map","sourcesContent":["import { Mongo } from 'meteor/mongo';\n\nexport const Pitches = new Mongo.Collection('pitches');\n\nexport const Transactions = new Mongo.Collection('transactions');\n\nexport const Unavailabletimes = new Mongo.Collection('tunavails');\n\nexport const Users = new Mongo.Collection('loginUsers');\n"]},"hash":"b03c219f7e9ae1bdc4e7af3584a7a8aa4cfb3825"}
