{"metadata":{"usedHelpers":[],"marked":[],"modules":{"imports":[{"source":"/imports/ui/mobileapp/router.js","imported":[],"specifiers":[]},{"source":"/imports/ui/admin/router.js","imported":[],"specifiers":[]},{"source":"/imports/ui/superadmin/router.js","imported":[],"specifiers":[]},{"source":"/imports/ui/promopage/router.js","imported":[],"specifiers":[]}],"exports":{"exported":[],"specifiers":[]}}},"options":{"filename":"/client/main.js","filenameRelative":"/client/main.js","env":{"development":{"plugins":[]}},"retainLines":false,"highlightCode":true,"suppressDeprecationMessages":false,"presets":[],"plugins":[[[],{"polyfill":false}],[[],null],[[],null],[[],null],[[],null],[[],null],[[],null],[[],null],[[],null],[[],null],[[],null],[[],null],[[],null],[[],null],[[],null],[[],null],[[],{"loose":true}],[[],{"loose":true}],[[],null],[[],{"loose":true}],[[],null],[[],null],[[],null],[[],null],[[],null],[[],null],[[],null],[[],{"loose":true}],[[],null],[[],null],[[],null],[[],null],[[],null],[[],null],[[],null],[[],null]],"ignore":[],"code":true,"metadata":true,"ast":false,"comments":true,"compact":false,"minified":false,"sourceMap":true,"sourceMaps":true,"sourceMapTarget":"/client/main.js.map","sourceFileName":"/client/main.js","babelrc":false,"sourceType":"module","moduleIds":false,"passPerPreset":false,"parserOpts":false,"generatorOpts":false,"basename":"main"},"ignored":false,"code":"module.import('/imports/ui/mobileapp/router.js');module.import('/imports/ui/admin/router.js');module.import('/imports/ui/superadmin/router.js');module.import('/imports/ui/promopage/router.js');// MOBILE APP IMPORTS \n\n\n// ADMIN CONSOLE IMPORTS\n\n\n// SUPERADMIN CONSOLE IMPORTS\n\n\n// PROMOPAGE CONSOLE IMPORTS\n","ast":null,"map":{"version":3,"sources":["/client/main.js"],"names":[],"mappings":"AAAA;AACA,OAAO,iCAAP;;AAEA;AACA,OAAO,6BAAP;;AAEA;AACA,OAAO,kCAAP;;AAEA;AACA,OAAO,iCAAP","file":"/client/main.js.map","sourcesContent":["// MOBILE APP IMPORTS \nimport '/imports/ui/mobileapp/router.js';\n\n// ADMIN CONSOLE IMPORTS\nimport '/imports/ui/admin/router.js';\n\n// SUPERADMIN CONSOLE IMPORTS\nimport '/imports/ui/superadmin/router.js';\n\n// PROMOPAGE CONSOLE IMPORTS\nimport '/imports/ui/promopage/router.js';\n"]},"hash":"b98cea13bcb7cf2e1e1f141795670a74d0025580"}
