{"metadata":{"usedHelpers":[],"marked":[],"modules":{"imports":[{"source":"./login.html","imported":[],"specifiers":[]}],"exports":{"exported":[],"specifiers":[]}}},"options":{"filename":"/imports/ui/mobileapp/login.js","filenameRelative":"/imports/ui/mobileapp/login.js","env":{"development":{"plugins":[]}},"retainLines":false,"highlightCode":true,"suppressDeprecationMessages":false,"presets":[],"plugins":[[[],{"polyfill":false}],[[],null],[[],null],[[],null],[[],null],[[],null],[[],null],[[],null],[[],null],[[],null],[[],null],[[],null],[[],null],[[],null],[[],null],[[],null],[[],{"loose":true}],[[],{"loose":true}],[[],null],[[],{"loose":true}],[[],null],[[],null],[[],null],[[],null],[[],null],[[],null],[[],null],[[],{"loose":true}],[[],null],[[],null],[[],null],[[],null],[[],null],[[],null],[[],null],[[],null]],"ignore":[],"code":true,"metadata":true,"ast":false,"comments":true,"compact":false,"minified":false,"sourceMap":true,"sourceMaps":true,"sourceMapTarget":"/imports/ui/mobileapp/login.js.map","sourceFileName":"/imports/ui/mobileapp/login.js","babelrc":false,"sourceType":"module","moduleIds":false,"passPerPreset":false,"parserOpts":false,"generatorOpts":false,"basename":"login"},"ignored":false,"code":"module.import('./login.html');","ast":null,"map":{"version":3,"sources":["/imports/ui/mobileapp/login.js"],"names":[],"mappings":"AAAA,OAAO,cAAP","file":"/imports/ui/mobileapp/login.js.map","sourcesContent":["import './login.html';"]},"hash":"be3b1b68cae69b28cdc080bfce05d20ff683b846"}
