{"metadata":{"usedHelpers":[],"marked":[],"modules":{"imports":[{"source":"/imports/api/pitches.js","imported":["Pitches"],"specifiers":[{"kind":"named","imported":"Pitches","local":"Pitches"}]},{"source":"./pitch-list.html","imported":[],"specifiers":[]}],"exports":{"exported":[],"specifiers":[]}}},"options":{"filename":"/imports/ui/mobileapp/pitch-list.js","filenameRelative":"/imports/ui/mobileapp/pitch-list.js","env":{"development":{"plugins":[]}},"retainLines":false,"highlightCode":true,"suppressDeprecationMessages":false,"presets":[],"plugins":[[[],{"polyfill":false}],[[],null],[[],null],[[],null],[[],null],[[],null],[[],null],[[],null],[[],null],[[],null],[[],null],[[],null],[[],null],[[],null],[[],null],[[],null],[[],{"loose":true}],[[],{"loose":true}],[[],null],[[],{"loose":true}],[[],null],[[],null],[[],null],[[],null],[[],null],[[],null],[[],null],[[],{"loose":true}],[[],null],[[],null],[[],null],[[],null],[[],null],[[],null],[[],null],[[],null]],"ignore":[],"code":true,"metadata":true,"ast":false,"comments":true,"compact":false,"minified":false,"sourceMap":true,"sourceMaps":true,"sourceMapTarget":"/imports/ui/mobileapp/pitch-list.js.map","sourceFileName":"/imports/ui/mobileapp/pitch-list.js","babelrc":false,"sourceType":"module","moduleIds":false,"passPerPreset":false,"parserOpts":false,"generatorOpts":false,"basename":"pitch-list"},"ignored":false,"code":"var Pitches;module.import('/imports/api/pitches.js',{\"Pitches\":function(v){Pitches=v}});module.import('./pitch-list.html');\n\n\nTemplate.pitchList.events({\n\t'submit .new-pitch': function () {\n\t\tfunction submitNewPitch(event) {\n\n\t\t\tevent.preventDefault();\n\n\t\t\t// Get values \n\t\t\tvar name, description, region;\n\t\t\tname = event.target.pitchName.value;\n\t\t\tdescription = event.target.pitchDescription.value;\n\t\t\tregion = event.target.pitchRegion.value;\n\n\t\t\t// Insert into db\n\t\t\tPitches.insert({\n\t\t\t\tname: name,\n\t\t\t\tdescription: description,\n\t\t\t\tregion: region\n\t\t\t});\n\n\t\t\t// Dismiss modal\n\t\t\t$('#new_pitch_form').modal('hide');\n\t\t}\n\n\t\treturn submitNewPitch;\n\t}()\n});","ast":null,"map":{"version":3,"sources":["/imports/ui/mobileapp/pitch-list.js"],"names":["Pitches","Template","pitchList","events","event","preventDefault","name","description","region","target","pitchName","value","pitchDescription","pitchRegion","insert","$","modal"],"mappings":"AAAA,SAASA,OAAT,QAAwB,yBAAxB;AACA,OAAO,mBAAP;;AAEAC,SAASC,SAAT,CAAmBC,MAAnB,CAA0B;AACzB,oBADyB;AAAA,0BACLC,KADK,EACC;;AAEzBA,SAAMC,cAAN;;AAEA;AACA,OAAIC,IAAJ,EAAUC,WAAV,EAAuBC,MAAvB;AACAF,UAAOF,MAAMK,MAAN,CAAaC,SAAb,CAAuBC,KAA9B;AACAJ,iBAAcH,MAAMK,MAAN,CAAaG,gBAAb,CAA8BD,KAA5C;AACAH,YAASJ,MAAMK,MAAN,CAAaI,WAAb,CAAyBF,KAAlC;;AAEA;AACAX,WAAQc,MAAR,CAAe;AACdR,UAAMA,IADQ;AAEdC,iBAAaA,WAFC;AAGdC,YAAQA;AAHM,IAAf;;AAMA;AACAO,KAAE,iBAAF,EAAqBC,KAArB,CAA2B,MAA3B;AACA;;AApBwB;AAAA;AAAA,CAA1B","file":"/imports/ui/mobileapp/pitch-list.js.map","sourcesContent":["import { Pitches } from '/imports/api/pitches.js';\nimport './pitch-list.html';\n\nTemplate.pitchList.events({\n\t'submit .new-pitch'(event){\n\n\t\tevent.preventDefault();\n\t\t\n\t\t// Get values \n\t\tvar name, description, region;\n\t\tname = event.target.pitchName.value;\n\t\tdescription = event.target.pitchDescription.value;\n\t\tregion = event.target.pitchRegion.value;\n\t\t\n\t\t// Insert into db\n\t\tPitches.insert({\n\t\t\tname: name,\n\t\t\tdescription: description,\n\t\t\tregion: region,\n\t\t});\n\n\t\t// Dismiss modal\n\t\t$('#new_pitch_form').modal('hide');\n\t},\n});"]},"hash":"cc33df1677573db835cb80f4d268c168be5295c9"}
