{"metadata":{"usedHelpers":[],"marked":[],"modules":{"imports":[{"source":"./nav-bar.html","imported":[],"specifiers":[]}],"exports":{"exported":[],"specifiers":[]}}},"options":{"filename":"/imports/ui/mobileapp/nav-bar.js","filenameRelative":"/imports/ui/mobileapp/nav-bar.js","env":{"development":{"plugins":[]}},"retainLines":false,"highlightCode":true,"suppressDeprecationMessages":false,"presets":[],"plugins":[[[],{"polyfill":false}],[[],null],[[],null],[[],null],[[],null],[[],null],[[],null],[[],null],[[],null],[[],null],[[],null],[[],null],[[],null],[[],null],[[],null],[[],null],[[],{"loose":true}],[[],{"loose":true}],[[],null],[[],{"loose":true}],[[],null],[[],null],[[],null],[[],null],[[],null],[[],null],[[],null],[[],{"loose":true}],[[],null],[[],null],[[],null],[[],null],[[],null],[[],null],[[],null],[[],null]],"ignore":[],"code":true,"metadata":true,"ast":false,"comments":true,"compact":false,"minified":false,"sourceMap":true,"sourceMaps":true,"sourceMapTarget":"/imports/ui/mobileapp/nav-bar.js.map","sourceFileName":"/imports/ui/mobileapp/nav-bar.js","babelrc":false,"sourceType":"module","moduleIds":false,"passPerPreset":false,"parserOpts":false,"generatorOpts":false,"basename":"nav-bar"},"ignored":false,"code":"module.import('./nav-bar.html');\n\nTemplate.navbar.events({\n\t'click .glyphicon-menu-left': function () {\n\t\tfunction clickGlyphiconMenuLeft() {\n\t\t\thistory.back();\n\t\t}\n\n\t\treturn clickGlyphiconMenuLeft;\n\t}(),\n\t'click .glyphicon-menu-hamburger': function () {\n\t\tfunction clickGlyphiconMenuHamburger() {\n\t\t\tSession.set('menuState', 'menu-open');\n\t\t\tSession.set('homeBodyState', 'home-body-pushed');\n\t\t\tSession.set('navBarState', 'nav-bar-hide');\n\t\t\tconsole.log(\"open sesame\");\n\t\t}\n\n\t\treturn clickGlyphiconMenuHamburger;\n\t}(),\n\t'click .closearea': function () {\n\t\tfunction clickClosearea() {\n\t\t\tSession.set('menuState', 'menu-closed');\n\t\t\tSession.set('homeBodyState', 'home-body-unpushed');\n\t\t\tSession.set('navBarState', 'nav-bar-unhide');\n\t\t\tconsole.log(\"close sesame\");\n\t\t}\n\n\t\treturn clickClosearea;\n\t}(),\n\t'click .home-body-pushed': function () {\n\t\tfunction clickHomeBodyPushed() {\n\t\t\tSession.set('menuState', 'menu-closed');\n\t\t\tSession.set('homeBodyState', 'home-body-unpushed');\n\t\t\tSession.set('navBarState', 'nav-bar-unhide');\n\t\t\tconsole.log(\"close sesame\");\n\t\t}\n\n\t\treturn clickHomeBodyPushed;\n\t}()\n});\n\nTemplate.navbar.helpers({\n\tmenuState: function () {\n\t\tfunction menuState() {\n\t\t\treturn Session.get('menuState');\n\t\t}\n\n\t\treturn menuState;\n\t}(),\n\thomeBodyState: function () {\n\t\tfunction homeBodyState() {\n\t\t\treturn Session.get('homeBodyState');\n\t\t}\n\n\t\treturn homeBodyState;\n\t}(),\n\tnavBarState: function () {\n\t\tfunction navBarState() {\n\t\t\treturn Session.get('navBarState');\n\t\t}\n\n\t\treturn navBarState;\n\t}()\n});","ast":null,"map":{"version":3,"sources":["/imports/ui/mobileapp/nav-bar.js"],"names":["Template","navbar","events","history","back","Session","set","console","log","helpers","menuState","get","homeBodyState","navBarState"],"mappings":"AAAA,OAAO,gBAAP;;AAEAA,SAASC,MAAT,CAAgBC,MAAhB,CAAuB;AACtB;AAA8B,oCAAU;AACvCC,WAAQC,IAAR;AACA;;AAFD;AAAA,IADsB;AAItB;AAAmC,yCAAU;AAC5CC,WAAQC,GAAR,CAAY,WAAZ,EAAyB,WAAzB;AACAD,WAAQC,GAAR,CAAY,eAAZ,EAA6B,kBAA7B;AACAD,WAAQC,GAAR,CAAY,aAAZ,EAA2B,cAA3B;AACAC,WAAQC,GAAR,CAAY,aAAZ;AACA;;AALD;AAAA,IAJsB;AAUtB;AAAoB,4BAAU;AAC7BH,WAAQC,GAAR,CAAY,WAAZ,EAAyB,aAAzB;AACAD,WAAQC,GAAR,CAAY,eAAZ,EAA6B,oBAA7B;AACAD,WAAQC,GAAR,CAAY,aAAZ,EAA2B,gBAA3B;AACGC,WAAQC,GAAR,CAAY,cAAZ;AACH;;AALD;AAAA,IAVsB;AAgBtB;AAA2B,iCAAU;AACpCH,WAAQC,GAAR,CAAY,WAAZ,EAAyB,aAAzB;AACAD,WAAQC,GAAR,CAAY,eAAZ,EAA6B,oBAA7B;AACAD,WAAQC,GAAR,CAAY,aAAZ,EAA2B,gBAA3B;AACGC,WAAQC,GAAR,CAAY,cAAZ;AACH;;AALD;AAAA;AAhBsB,CAAvB;;AAyBAR,SAASC,MAAT,CAAgBQ,OAAhB,CAAwB;AACvBC;AAAW,uBAAU;AACpB,UAAOL,QAAQM,GAAR,CAAY,WAAZ,CAAP;AACA;;AAFD;AAAA,IADuB;AAIvBC;AAAe,2BAAU;AACxB,UAAOP,QAAQM,GAAR,CAAY,eAAZ,CAAP;AACA;;AAFD;AAAA,IAJuB;AAOvBE;AAAa,yBAAU;AACtB,UAAOR,QAAQM,GAAR,CAAY,aAAZ,CAAP;AACA;;AAFD;AAAA;AAPuB,CAAxB","file":"/imports/ui/mobileapp/nav-bar.js.map","sourcesContent":["import './nav-bar.html';\n\nTemplate.navbar.events({\n\t'click .glyphicon-menu-left': function(){\n\t\thistory.back();\n\t},\n\t'click .glyphicon-menu-hamburger': function(){\n\t\tSession.set('menuState', 'menu-open');\n\t\tSession.set('homeBodyState', 'home-body-pushed');\n\t\tSession.set('navBarState', 'nav-bar-hide');\n\t\tconsole.log(\"open sesame\");\n\t},\n\t'click .closearea': function(){\n\t\tSession.set('menuState', 'menu-closed');\n\t\tSession.set('homeBodyState', 'home-body-unpushed');\n\t\tSession.set('navBarState', 'nav-bar-unhide');\n\t    console.log(\"close sesame\");\n\t},\n\t'click .home-body-pushed': function(){\n\t\tSession.set('menuState', 'menu-closed');\n\t\tSession.set('homeBodyState', 'home-body-unpushed');\n\t\tSession.set('navBarState', 'nav-bar-unhide');\n\t    console.log(\"close sesame\");\n\t}\t\n});\n\n\nTemplate.navbar.helpers({\n\tmenuState: function(){\n\t\treturn Session.get('menuState')\n\t},\n\thomeBodyState: function(){\n\t\treturn Session.get('homeBodyState')\n\t},\n\tnavBarState: function(){\n\t\treturn Session.get('navBarState')\n\t},\n});\n\n"]},"hash":"f243dc043c0a2aba4241a4ff64b3df5655b0bb37"}
