{"metadata":{"usedHelpers":[],"marked":[],"modules":{"imports":[{"source":"./admin.html","imported":[],"specifiers":[]},{"source":"/imports/api/mellavin_new_mongo.js","imported":["Regions"],"specifiers":[{"kind":"named","imported":"Regions","local":"Regions"}]},{"source":"/imports/api/mellavin_new_mongo.js","imported":["FutsalParks"],"specifiers":[{"kind":"named","imported":"FutsalParks","local":"FutsalParks"}]}],"exports":{"exported":[],"specifiers":[]}}},"options":{"filename":"/imports/ui/admin/admin.js","filenameRelative":"/imports/ui/admin/admin.js","env":{"development":{"plugins":[]}},"retainLines":false,"highlightCode":true,"suppressDeprecationMessages":false,"presets":[],"plugins":[[[],{"polyfill":false}],[[],null],[[],null],[[],null],[[],null],[[],null],[[],null],[[],null],[[],null],[[],null],[[],null],[[],null],[[],null],[[],null],[[],null],[[],null],[[],{"loose":true}],[[],{"loose":true}],[[],null],[[],{"loose":true}],[[],null],[[],null],[[],null],[[],null],[[],null],[[],null],[[],null],[[],{"loose":true}],[[],null],[[],null],[[],null],[[],null],[[],null],[[],null],[[],null],[[],null]],"ignore":[],"code":true,"metadata":true,"ast":false,"comments":true,"compact":false,"minified":false,"sourceMap":true,"sourceMaps":true,"sourceMapTarget":"/imports/ui/admin/admin.js.map","sourceFileName":"/imports/ui/admin/admin.js","babelrc":false,"sourceType":"module","moduleIds":false,"passPerPreset":false,"parserOpts":false,"generatorOpts":false,"basename":"admin"},"ignored":false,"code":"module.import('./admin.html');var Regions;module.import('/imports/api/mellavin_new_mongo.js',{\"Regions\":function(v){Regions=v}});var FutsalParks;module.import('/imports/api/mellavin_new_mongo.js',{\"FutsalParks\":function(v){FutsalParks=v}});\n\n\n\nTemplate.adminNavBar.events({});\n\nTemplate.adminNavBar.helpers({\n\t'activeClass': function () {\n\t\tfunction activeClass() {\n\t\t\treturn \"active\";\n\t\t}\n\n\t\treturn activeClass;\n\t}()\n});\n\nTemplate.adminOverview.helpers({\n\t'returnPark': function () {\n\t\tfunction returnPark() {\n\t\t\treturn FutsalParks.find({ name: \"North Futsal Park 1\" });\n\t\t}\n\n\t\treturn returnPark;\n\t}()\n});","ast":null,"map":{"version":3,"sources":["/imports/ui/admin/admin.js"],"names":["Regions","FutsalParks","Template","adminNavBar","events","helpers","adminOverview","find","name"],"mappings":"AAAA,OAAO,cAAP;AACA,SAASA,OAAT,QAAwB,oCAAxB;AACA,SAASC,WAAT,QAA4B,oCAA5B;;AAEAC,SAASC,WAAT,CAAqBC,MAArB,CAA4B,EAA5B;;AAIAF,SAASC,WAAT,CAAqBE,OAArB,CAA6B;AAC5B;AAAe,yBAAU;AACxB,UAAO,QAAP;AACA;;AAFD;AAAA;AAD4B,CAA7B;;AAMAH,SAASI,aAAT,CAAuBD,OAAvB,CAA+B;AAC9B;AAAc,wBAAU;AACvB,UAAOJ,YAAYM,IAAZ,CAAiB,EAACC,MAAM,qBAAP,EAAjB,CAAP;AACA;;AAFD;AAAA;AAD8B,CAA/B","file":"/imports/ui/admin/admin.js.map","sourcesContent":["import './admin.html';\nimport { Regions } from '/imports/api/mellavin_new_mongo.js';\nimport { FutsalParks } from '/imports/api/mellavin_new_mongo.js';\n\nTemplate.adminNavBar.events({\n\n});\n\nTemplate.adminNavBar.helpers({\n\t'activeClass': function(){\n\t\treturn \"active\";\n\t}\n});\n\nTemplate.adminOverview.helpers({\n\t'returnPark': function(){\n\t\treturn FutsalParks.find({name: \"North Futsal Park 1\"})\n\t}\n});\n"]},"hash":"f24c04e044e3571e049394290a20febb1df93d5f"}
